sed.date,lake,sed_mean,sed_mean_bb,wateryear,ice_endmember,B2mean,month,albedo.predict.wholelake,albedo.predict.bb
2016-11-02,West Lake Bonney,0.0975763305281198,0.06350133675100755,2017,0.9364986632489924,0.4527588407415189,Nov,0.42733348398465026,0.44065880177321753
2016-11-02,East Lake Bonney,0.2614431904663134,0.3017204272526282,2017,0.6982795727473718,0.4527588407415189,Nov,0.3632519467150011,0.347501188744694
2016-11-04,West Lake Bonney,0.09968235448015794,0.06262242555920378,2017,0.9373775744407962,0.4656488763683497,Nov,0.4414782492385886,0.45597085144781135
2016-11-04,East Lake Bonney,0.2510455640731902,0.2979226143271835,2017,0.7020773856728165,0.4656488763683497,Nov,0.382286371390633,0.36395469991004503
2016-11-06,West Lake Bonney,0.10639798765657348,0.06890372292596043,2017,0.9310962770740395,0.45064399528511295,Nov,0.4214278696632201,0.4360903226060488
2016-11-06,East Lake Bonney,0.2587160511655142,0.29474043316311305,2017,0.705259566836887,0.45064399528511295,Nov,0.36186258802378135,0.3477749452968388
2016-11-08,West Lake Bonney,0.12414491298154592,0.08391559179333637,2017,0.9160844082066636,0.42905215873236224,Nov,0.38941461417432643,0.40514663434013226
2016-11-08,East Lake Bonney,0.2761498097089667,0.30591038018465044,2017,0.6940896198153496,0.42905215873236224,Nov,0.32997179908357943,0.3183336734319202
2016-11-15,West Lake Bonney,0.1302843469831905,0.09553024718365692,2017,0.9044697528163431,0.4446471345416776,Nov,0.4051231476594716,0.4187140356670707
2016-11-15,East Lake Bonney,0.2727088488278239,0.3207817095849249,2017,0.6792182904150751,0.4446471345416776,Nov,0.34942682793679875,0.3306275245301994
2016-12-10,West Lake Bonney,0.06777673675871627,0.06136820754713949,2017,0.9386317924528605,0.4673129454043426,Dec,0.4558875870298752,0.4583936971955926
2016-12-10,East Lake Bonney,0.17908570402952734,0.2279946943124135,2017,0.7720053056875865,0.4673129454043426,Dec,0.4123592632595841,0.39323298424980874
2016-12-13,West Lake Bonney,0.07952786153315303,0.04227178216887527,2017,0.9577282178311247,0.5044716450397748,Dec,0.49444214392709135,0.5090114524450152
2016-12-13,East Lake Bonney,0.21780277848215093,0.3372032087158274,2017,0.6627967912841726,0.5044716450397748,Dec,0.4403685548727399,0.39367599529774483
2016-12-15,West Lake Bonney,0.12217032661291331,0.04081555571238864,2017,0.9591844442876114,0.5146239781915295,Dec,0.4895556747248943,0.521370153781197
2016-12-15,East Lake Bonney,0.2683956438177356,0.4383843534522586,2017,0.5616156465477413,0.5146239781915295,Dec,0.43237301364405506,0.36589747468533657
2016-12-24,West Lake Bonney,0.06122942437216922,0.03800632776874951,2017,0.9619936722312505,0.5750988741636985,Dec,0.583612623833492,0.5926942144069003
2016-12-24,East Lake Bonney,0.1625974257758657,0.19641223384274376,2017,0.8035877661572562,0.5750988741636985,Dec,0.5439717997989626,0.5307482298579691
2017-01-02,West Lake Bonney,0.04894859737731636,0.03505513123075874,2017,0.9649448687692412,0.582359037454033,Jan,0.5968458926545472,0.602279051433638
2017-01-02,East Lake Bonney,0.12570707120327196,0.12464868459436627,2017,0.8753513154056337,0.582359037454033,Jan,0.5668288348852424,0.5672427260219242
2017-01-11,West Lake Bonney,0.06306768715066528,0.04528871731390745,2017,0.9547112826860925,0.5822352975715219,Jan,0.591180810903005,0.5981334291361236
2017-01-11,East Lake Bonney,0.14675181969874687,0.1431396682229307,2017,0.8568603317770693,0.5822352975715219,Jan,0.5584554150494396,0.5598679777818215
2017-01-14,West Lake Bonney,0.08010011203600272,0.06461531193129832,2017,0.9353846880687017,0.5678787095282075,Jan,0.5678487814157105,0.5739042449511498
2017-01-14,East Lake Bonney,0.11022143857843791,0.08522484893657276,2017,0.9147751510634272,0.5678787095282075,Jan,0.5560695790182986,0.5658447092145656
2017-01-18,West Lake Bonney,0.07617924558437242,0.06235964804646253,2017,0.9376403519535375,0.6084760401778225,Jan,0.6165250587987015,0.6219293306265203
2017-01-18,East Lake Bonney,0.11018530119761975,0.09197431784813052,2017,0.9080256821518695,0.6084760401778225,Jan,0.6032266998687996,0.6103482606814459
2017-01-25,West Lake Bonney,0.0856858289620954,0.0729189741784073,2017,0.9270810258215927,0.5548309535132724,Jan,0.5505129448655273,0.5555055326343152
2017-01-25,East Lake Bonney,0.14841950414501665,0.1416245062870008,2017,0.8583754937129993,0.5548309535132724,Jan,0.5259804045714576,0.5286376466071556
2017-01-27,West Lake Bonney,0.0856390563685551,0.06899321350299861,2017,0.9310067864970014,0.5454783083426114,Jan,0.5396706288080044,0.5461801280464484
2017-01-27,East Lake Bonney,0.15835393194797703,0.15131632183436994,2017,0.8486836781656301,0.5454783083426114,Jan,0.5112348547212968,0.5139869723548103
2017-01-30,West Lake Bonney,0.09988335624271467,0.08501335507894714,2017,0.9149866449210529,0.5373984564441558,Jan,0.5247176770761406,0.5305327182268351
2017-01-30,East Lake Bonney,0.1644642813892943,0.14303274361623658,2017,0.8569672563837634,0.5373984564441558,Jan,0.49946275388270256,0.5078437400507909
2017-11-07,West Lake Bonney,0.1775243559883942,0.14712860441155065,2018,0.8528713955884494,0.5157201008450918,Nov,0.46918186262731226,0.4810683812818173
2017-11-07,East Lake Bonney,0.09686224532779568,0.02089808769563845,2018,0.9791019123043615,0.5157201008450918,Nov,0.5007254709718874,0.5304319045991541
2017-11-18,West Lake Bonney,0.16931321857049805,0.14651780033574455,2018,0.8534821996642554,0.4851263126682676,Nov,0.43686635990412725,0.4457807031931764
2017-11-18,East Lake Bonney,0.1133719771087148,0.02743095297876236,2018,0.9725690470212376,0.4851263126682676,Nov,0.4587426608901582,0.49235063350190256
2017-11-21,West Lake Bonney,0.17577906989359274,0.15900374166047376,2018,0.8409962583395263,0.47647419238114147,Nov,0.42429069966780164,0.43085083526682805
2017-11-21,East Lake Bonney,0.1387552960992161,0.03560369723795534,2018,0.9643963027620447,0.47647419238114147,Nov,0.4387691631055112,0.47910747818242755
2017-11-25,West Lake Bonney,0.12906062086323616,0.11412595216629666,2018,0.8858740478337034,0.46817637554166497,Nov,0.43292464412279624,0.43876497406549336
2017-11-25,East Lake Bonney,0.12433446616992294,0.0615733982787653,2018,0.9384266017212347,0.46817637554166497,Nov,0.434772847342385,0.45931609978932353
2017-11-27,West Lake Bonney,0.09569152981171423,0.0755945277735226,2018,0.9244054722264774,0.4627602185732782,Nov,0.43968448854435443,0.447543593097919
2017-11-27,East Lake Bonney,0.10249671838394908,0.04878610506307773,2018,0.9512138949369223,0.4627602185732782,Nov,0.4370232613426912,0.45802725611378353
2017-11-30,West Lake Bonney,0.0982471162090453,0.05134680033848211,2018,0.9486531996615178,0.4916829887517892,Nov,0.47227120043570475,0.4906119701346627
2017-11-30,East Lake Bonney,0.09776349238448462,0.04582273893810688,2018,0.9541772610618932,0.4916829887517892,Nov,0.4724603256691398,0.492772201597214
2017-12-02,West Lake Bonney,0.0925601343802514,0.04760886624576211,2018,0.9523911337542379,0.49318816765606266,Dec,0.47624300781351164,0.4938215857234364
2017-12-02,East Lake Bonney,0.1743785867063927,0.10979188617371888,2018,0.8902081138262812,0.49318816765606266,Dec,0.4442472021694651,0.46950438387703713
2017-12-07,West Lake Bonney,0.2255545883346103,0.03842543657680577,2018,0.9615745634231943,0.5308045930778937,Dec,0.46791585035353545,0.5410943058211539
2017-12-07,East Lake Bonney,0.14053822085229126,0.09021463469991296,2018,0.909785365300087,0.5308045930778937,Dec,0.5011622280738581,0.5208416968986245
2017-12-16,West Lake Bonney,0.05485958033629382,0.03553292745747777,2018,0.9644670725425222,0.5381931435325416,Dec,0.5432474272090235,0.5508052801343712
2017-12-16,East Lake Bonney,0.09483212394870784,0.1143856737072821,2018,0.8856143262927179,0.5381931435325416,Dec,0.5276158221106667,0.51996923921965
2017-12-23,West Lake Bonney,0.0504395839257652,0.0451390899955851,2018,0.9548609100044149,0.5768261572827905,Dec,0.5898378626248528,0.591910666115824
2017-12-23,East Lake Bonney,0.10180310744808428,0.08006364003651673,2018,0.9199363599634833,0.5768261572827905,Dec,0.5697517173961137,0.5782531220833222
2018-01-03,West Lake Bonney,0.04140835506581772,0.04122240541427169,2018,0.9587775945857283,0.6022140831690556,Jan,0.6228509173710459,0.6229236345728666
2018-01-03,East Lake Bonney,0.02449015414944406,0.00467033464793294,2018,0.995329665352067,0.6022140831690556,Jan,0.6294669245549691,0.6372176345065899
2018-01-05,West Lake Bonney,0.04100785986234558,0.03833935216482757,2018,0.9616606478351725,0.5661715030138509,Jan,0.581153675257105,0.582197218018206
2018-01-05,East Lake Bonney,0.00103751420477492,0,2018,1,0.5661715030138509,Jan,0.5967844208264194,0.5971901496309266
2018-01-10,West Lake Bonney,0.02431169984407369,0.01887764733245563,2018,0.9811223526675443,0.6602838072872886,Jan,0.696969232003242,0.6990942647199232
2018-01-10,East Lake Bonney,0.13371896986110482,0.13677458349201416,2018,0.8632254165079858,0.6602838072872886,Jan,0.6541845832108546,0.6529896593632589
2018-01-12,West Lake Bonney,0.04707011842815569,0.04246708844790978,2018,0.9575329115520902,0.6252093524538254,Jan,0.6473397183173115,0.6491397725646662
2018-01-12,East Lake Bonney,0.10530357749379766,0.10413427675763766,2018,0.8958657232423624,0.6252093524538254,Jan,0.62456702603003,0.6250242910849162
2018-01-14,West Lake Bonney,0.04760757576093127,0.04019792201121271,2018,0.95980207798878725,0.6056906625525094,Jan,0.6244637802779676,0.6273613887577839
2018-01-14,East Lake Bonney,0.05502086443212647,0.04797986110724095,2018,0.952020138892759,0.6056906625525094,Jan,0.6215647503310153,0.6243181949088241
2018-01-19,West Lake Bonney,0.05517252894036376,0.05072072501348178,2018,0.9492792749865182,0.6118585879274198,Jan,0.6286678435139612,0.6304087595195846
2018-01-19,East Lake Bonney,0.05410085225660652,0.05148550784517149,2018,0.9485144921548285,0.6118585879274198,Jan,0.6290869318480947,0.6301096846514228
2018-01-26,West Lake Bonney,0.06656813773081305,0.05799954869860867,2018,0.9420004513013913,0.6041426708448591,Jan,0.615251510175274,0.6186023302106527
2018-01-26,East Lake Bonney,0.05213379760728646,0.04451968738390456,2018,0.9554803126160955,0.6041426708448591,Jan,0.6208961823496078,0.623873745282338
2018-01-30,West Lake Bonney,0.07671550814285431,0.06869173060004502,2018,0.931308269399955,0.565841452926545,Jan,0.5668066286710765,0.5699443955132973
2018-01-30,East Lake Bonney,0.05861831934494714,0.05749635011975274,2018,0.9425036498802473,0.565841452926545,Jan,0.5738836891509465,0.5743224448136033
2018-11-05,West Lake Bonney,0.1207091625815593,0.08633607497839292,2019,0.9136639250216071,0.42023476747581184,Nov,0.38051914176700535,0.39396103169609786
2018-11-05,East Lake Bonney,0.11539688521607508,0.06038384870437396,2019,0.939616151295626,0.42023476747581184,Nov,0.3825965532711459,0.4041098717717311
2018-11-08,West Lake Bonney,0.1833770082188228,0.111013257604982,2019,0.888986742395018,0.4269131607335119,Nov,0.3637675200810971,0.39206598374654755
2018-11-08,East Lake Bonney,0.1666108586005375,0.14506313379819472,2019,0.8549368662018053,0.4269131607335119,Nov,0.37032406630428033,0.37875048840401593
2018-11-12,West Lake Bonney,0.20042064645419627,0.11864983122587316,2019,0.8813501687741269,0.4379122135837676,Nov,0.3698749305442328,0.4018521072936974
2018-11-12,East Lake Bonney,0.18414162144789983,0.15628410839395926,2019,0.8437158916060408,0.4379122135837676,Nov,0.37624098252111204,0.3871349012895509
2018-11-17,West Lake Bonney,0.20102249452490165,0.11603950532135872,2019,0.8839604946786412,0.43197934108478303,Nov,0.3627501211457891,0.395983446004684
2018-11-17,East Lake Bonney,0.19531840650864357,0.15922857632093065,2019,0.8407714236790693,0.43197934108478303,Nov,0.36498075355640014,0.3790939903579201
2018-11-19,West Lake Bonney,0.200369172753059,0.11498467117867696,2019,0.885015328821323,0.44745316830727383,Nov,0.3809743380569647,0.4143646777629486
2018-11-19,East Lake Bonney,0.19628119117955345,0.17008070261117272,2019,0.8299192973888273,0.44745316830727383,Nov,0.38257297821922226,0.3928189033886615
2018-11-24,West Lake Bonney,0.13204575849335448,0.06669382632408902,2019,0.933306173675911,0.44539663543156127,Nov,0.40530467832304046,0.4308611104077702
2018-11-24,East Lake Bonney,0.13870647785160675,0.1101477175214246,2019,0.8898522824785754,0.44539663543156127,Nov,0.4026999470432716,0.4138680945574414
2018-11-26,West Lake Bonney,0.1449838471955227,0.08264729968765612,2019,0.9173527003123438,0.4541923303020485,Nov,0.41045898548086435,0.43483622560063767
2018-11-26,East Lake Bonney,0.17634582660995224,0.14072092835844227,2019,0.8592790716415577,0.4541923303020485,Nov,0.3981946151655135,0.4121260363564282
2018-11-28,West Lake Bonney,0.16167109283146722,0.10113577429316382,2019,0.8988642257068362,0.4540762100965621,Nov,0.40379845263750636,0.42747130676130846
2018-11-28,East Lake Bonney,0.22852904850762457,0.19614682053043336,2019,0.8038531794695667,0.4540762100965621,Nov,0.3776530771781232,0.3903164244209844
2018-11-30,West Lake Bonney,0.15736290407223746,0.09898130055482209,2019,0.9010186994451779,0.4505244806177513,Nov,0.4013588186921906,0.42418944413454185
2018-11-30,East Lake Bonney,0.2266626121746205,0.19908920842464323,2019,0.8009107915753568,0.4505244806177513,Nov,0.37425857506017357,0.3850413904550722
2018-12-05,West Lake Bonney,0.13283971596262134,0.08761425842537542,2019,0.9123857415746246,0.5188314635485046,Dec,0.4902691926000063,0.5079549946212512
2018-12-05,East Lake Bonney,0.1878600772461,0.19831133109551888,2019,0.8016886689044811,0.5188314635485046,Dec,0.4687530096847626,0.46466595746859934
2018-12-30,West Lake Bonney,0.08449382958081579,0.05105957815140388,2019,0.9489404218485962,0.6416547619788451,Dec,0.6518018199234338,0.6648765699361256
2018-12-30,East Lake Bonney,0.10591063890965492,0.07893667883343167,2019,0.9210633211665683,0.6416547619788451,Dec,0.6434265934394416,0.6539749912581738
2019-01-01,West Lake Bonney,0.0932642681443318,0.05898155920848653,2019,0.9410184407915134,0.5939233170943485,Jan,0.5929447019198496,0.6063512484980016
2019-01-01,East Lake Bonney,0.0912888210221051,0.06746843117806646,2019,0.9325315688219336,0.5939233170943485,Jan,0.5937172174146539,0.6030323846189567
2019-01-04,West Lake Bonney,0.09556293692301122,0.05890128058045273,2019,0.9410987194195473,0.6028256513397411,Jan,0.6023834784839449,0.6167203327946265
2019-01-04,East Lake Bonney,0.12741890647837173,0.12037256506306154,2019,0.8796274349369384,0.6028256513397411,Jan,0.5899259290984706,0.5926814611822011
2019-01-06,West Lake Bonney,0.098864917154973,0.0629340868787284,2019,0.9370659131212716,0.6173051405768211,Jan,0.6179062819224823,0.6319573404485628
2019-01-06,East Lake Bonney,0.09304190134071565,0.08831777486398264,2019,0.9116822251360174,0.6173051405768211,Jan,0.6201834220657902,0.6220308321339363
2019-01-11,West Lake Bonney,0.0866768414780364,0.04216495798114485,2019,0.9578350420188552,0.5911998625316752,Jan,0.5923582042107919,0.6097649569997584
2019-01-11,East Lake Bonney,0.20709146405814635,0.2489871756898032,2019,0.7510128243101968,0.5911998625316752,Jan,0.5452690360434855,0.5288853596407332
2019-01-15,West Lake Bonney,0.10223253428101886,0.06808572962060015,2019,0.9319142703793999,0.5950007311948109,Jan,0.5906887143105854,0.6040421143593286
2019-01-15,East Lake Bonney,0.10300252825154035,0.0921553263992623,2019,0.9078446736007377,0.5950007311948109,Jan,0.5903876015820082,0.5946294926515652
2019-01-24,West Lake Bonney,0.11849627155363654,0.08021341185580674,2019,0.9197865881441932,0.5431349651231441,Jan,0.5241003646063533,0.5390712043566268
2019-01-24,East Lake Bonney,0.09720731582679498,0.07891099309859716,2019,0.9210890069014028,0.5431349651231441,Jan,0.532425592845645,0.5395805263523147
2019-11-06,West Lake Bonney,0.13037156637890238,0.03583610402320254,2020,0.9641638959767974,0.41999076569202437,Nov,0.376457233013974,0.41342613420934193
2019-11-06,East Lake Bonney,0.10915107030084292,0.07366888237674074,2020,0.9263311176232593,0.41999076569202437,Nov,0.38475568952201655,0.3986313026186772
2019-11-08,West Lake Bonney,0.11838418774764778,0.03243571059476326,2020,0.9675642894052368,0.41223782827683236,Nov,0.3721420276625379,0.40575291484265186
2019-11-08,East Lake Bonney,0.10950761687586992,0.0800453925539235,2020,0.9199546074460765,0.41223782827683236,Nov,0.37561328663070914,0.3871347414669443
2019-11-11,West Lake Bonney,0.13033561063582128,0.03701171465000874,2020,0.9629882853499913,0.4311056126353368,Nov,0.3893782288031434,0.4258733366060227
2019-11-11,East Lake Bonney,0.10902499295123048,0.07513873456913711,2020,0.9248612654308629,0.4311056126353368,Nov,0.39771192813630585,0.4109634393342388
2019-11-15,West Lake Bonney,0.12742790001558862,0.04247424523326579,2020,0.9575257547667342,0.428362742701418,Nov,0.38733020087492687,0.42055205425748177
2019-11-15,East Lake Bonney,0.1001544104599448,0.0645935835434001,2020,0.9354064164565999,0.428362742701418,Nov,0.39799573225871354,0.41190209780603415
2019-11-17,West Lake Bonney,0.1797294362935209,0.08404009589845482,2020,0.9159599041015452,0.4074237668596954,Nov,0.34256219306598995,0.37998232813873967
2019-11-17,East Lake Bonney,0.11106276317444276,0.06441860271823113,2020,0.9355813972817688,0.4074237668596954,Nov,0.369414882952906,0.38765548088596946
2019-11-24,West Lake Bonney,0.14404630497037704,0.05732716222635971,2020,0.9426728377736403,0.4929462152815984,Nov,0.45582793714557274,0.48974019969724897
2019-11-24,East Lake Bonney,0.17935449332526557,0.1468704126637291,2020,0.8531295873362709,0.4929462152815984,Nov,0.44202036806881756,0.4547235456751235
2019-11-27,West Lake Bonney,0.15757960401223522,0.05375431239068049,2020,0.9462456876093195,0.48053154883937627,Nov,0.43611929558202417,0.4767210639755132
2019-11-27,East Lake Bonney,0.1992020810724053,0.20105654928419325,2020,0.7989434507158067,0.48053154883937627,Nov,0.4198424698956565,0.4191172642386134
2019-12-03,West Lake Bonney,0.170413374928474,0.06807701447596357,2020,0.9319229855240364,0.48427319907693134,Dec,0.4354454700862815,0.4754649792100375
2019-12-03,East Lake Bonney,0.1805283613820523,0.1780348766181204,2020,0.8219651233818797,0.48427319907693134,Dec,0.43148991811163906,0.43246501665744314
2019-12-17,West Lake Bonney,0.07813128897702953,0.05952463461148705,2020,0.940475365388513,0.6105517901856788,Dec,0.6181721264219555,0.625448417769936
2019-12-17,East Lake Bonney,0.03696700029292227,0.01199737814840962,2020,0.9880026218515904,0.6105517901856788,Dec,0.634269773624594,0.6440343579503458
2019-12-24,West Lake Bonney,0.0661812183398102,0.04932434977455335,2020,0.9506756502254466,0.584475981547252,Dec,0.5925651956722189,0.5991572183156106
2019-12-24,East Lake Bonney,0.06201063431805467,0.04362839619106024,2020,0.9563716038089398,0.584475981547252,Dec,0.5941961382284326,0.6013846696867082
2019-12-26,West Lake Bonney,0.07156597610770057,0.05208540526145545,2020,0.9479145947385446,0.5824219781571897,Dec,0.5880742621030448,0.5956923059661452
2019-12-26,East Lake Bonney,0.08543220646462088,0.06514176246719554,2020,0.9348582375328045,0.5824219781571897,Dec,0.5826517541124621,0.5905865057988566
2019-12-31,West Lake Bonney,0.06451316159775011,0.033119208085587,2020,0.966880791914413,0.5600902694442069,Dec,0.5648999925136293,0.5771768665734003
2019-12-31,East Lake Bonney,0.04830837074170161,0.0395563070711904,2020,0.9604436929288096,0.5600902694442069,Dec,0.5712370145910672,0.5746595839531685
2020-01-02,West Lake Bonney,0.06511342877732883,0.03909850541268538,2020,0.9609014945873147,0.5729615688520885,Jan,0.5796118397043368,0.5897851980135597
2020-01-02,East Lake Bonney,0.07405091496071056,0.06785200429559929,2020,0.9321479957044008,0.5729615688520885,Jan,0.5761167592825032,0.5785408963225818
2020-01-11,West Lake Bonney,0.03597359867669187,0.02097604222649012,2020,0.9790239577735099,0.6106168331291009,Jan,0.6347337818827301,0.6405987046192723
2020-01-11,East Lake Bonney,0.07495083827336778,0.06889656361124287,2020,0.9311034363887571,0.6106168331291009,Jan,0.6194913989333986,0.6218589748273162
2020-01-20,West Lake Bonney,0.07986203953390777,0.05166482099629144,2020,0.9483351790037086,0.5519897402770297,Jan,0.5494910749407,0.5605178384443166
2020-01-20,East Lake Bonney,0.11390582676662116,0.11153912455036467,2020,0.8884608754496354,0.5519897402770297,Jan,0.5361779607382556,0.5371034798843137
2020-10-30,West Lake Bonney,0.19025459653571164,0.08547007725157066,2021,0.9145299227484294,0.4267346092013979,Oct,0.36087064028134647,0.40184752285736935
2020-10-30,East Lake Bonney,0.12613619787286903,0.12581513843378395,2021,0.874184861566216,0.4267346092013979,Oct,0.38594468853694197,0.3860702415768871
2020-11-15,West Lake Bonney,0.16472283950110211,0.06991995846408881,2021,0.9300800415359112,0.45352486735883624,Nov,0.4019648032235871,0.43903828078173923
2020-11-15,East Lake Bonney,0.1333188688907123,0.16409242148055692,2021,0.8359075785194431,0.45352486735883624,Nov,0.41424559455530413,0.40221133358301586
2020-11-17,West Lake Bonney,0.14782717442155244,0.07160031006179764,2021,0.9283996899382023,0.43458854380243084,Nov,0.3865825002568911,0.4163916675971362
2020-11-17,East Lake Bonney,0.1318187682081893,0.15369041681294254,2021,0.8463095831870575,0.43458854380243084,Nov,0.3928427244399641,0.3842896291665037
2020-11-19,West Lake Bonney,0.12170085712503433,0.0553202522389066,2021,0.9446797477610934,0.4305501898740202,Nov,0.3921099473882806,0.41806865073804067
2020-11-19,East Lake Bonney,0.1142813420440233,0.12326827105048492,2021,0.8767317289495151,0.4305501898740202,Nov,0.39501141222605113,0.391496996765326
2020-11-24,West Lake Bonney,0.10856411298590168,0.03686327777242369,2021,0.9631367222275763,0.4633996852030248,Nov,0.4353931249930434,0.46343234992071003
2020-11-24,East Lake Bonney,0.17154956043281328,0.18930390960088483,2021,0.8106960903991152,0.4633996852030248,Nov,0.4107621270015206,0.40381913689149307
2020-11-26,West Lake Bonney,0.1162051982962692,0.05032257836634261,2021,0.9496774216336574,0.47325931353107475,Nov,0.4438543460365329,0.46961830810948707
2020-11-26,East Lake Bonney,0.2138461616707522,0.23962240881390043,2021,0.7603775911860996,0.47325931353107475,Nov,0.4056710121038124,0.39559099017260346
2020-11-29,West Lake Bonney,0.12784536658313989,0.05393388008196237,2021,0.9460661199180376,0.5030240588232279,Nov,0.47386618435960887,0.5027699033828867
2020-11-29,East Lake Bonney,0.22224254750079667,0.25652421260321584,2021,0.7434757873967841,0.5030240588232279,Nov,0.4369513593034248,0.42354522092526287
2020-12-01,West Lake Bonney,0.1439002698540473,0.05857737416074848,2021,0.9414226258392515,0.5351147453384034,Dec,0.5048525641674734,0.5382188123666929
2020-12-01,East Lake Bonney,0.2036080441453121,0.23224761762000895,2021,0.767752382379991,0.5351147453384034,Dec,0.48150332830015635,0.4703035781145614
2020-12-03,West Lake Bonney,0.14204622144445259,0.04924893668126671,2021,0.9507510633187333,0.5229790334580241,Dec,0.49148520788739475,0.527774379867118
2020-12-03,East Lake Bonney,0.19321009169757608,0.2091030568988235,2021,0.7908969431011765,0.5229790334580241,Dec,0.4714771387773767,0.46526205878955545
2020-12-08,West Lake Bonney,0.1061864767760808,0.0403651311913672,2021,0.9596348688086328,0.5351757325470782,Dec,0.5196716859511354,0.5454116861672632
2020-12-08,East Lake Bonney,0.1133647299494499,0.08504626846837776,2021,0.9149537315316223,0.5351757325470782,Dec,0.516864568646064,0.5279387452398115
2020-12-10,West Lake Bonney,0.10384597143352396,0.04533656517195147,2021,0.9546634348280485,0.5682120594818442,Dec,0.5589498571845157,0.5818304609831737
2020-12-10,East Lake Bonney,0.09303474337704372,0.06174435762006598,2021,0.938255642379934,0.5682120594818442,Dec,0.5631776803935119,0.5754140533967156
2020-12-15,West Lake Bonney,0.10270226907529802,0.049510014476879013,2021,0.950489985523121,0.5793922313731773,Dec,0.5723799042949829,0.5931811904537029
2020-12-15,East Lake Bonney,0.16449685194878474,0.12912973474573206,2021,0.8708702652542679,0.5793922313731773,Dec,0.5482146040813624,0.56204521778826
2020-12-21,West Lake Bonney,0.12840213345022475,0.07124355829046859,2021,0.9287564417095314,0.5658333871500068,Dec,0.5465847654738925,0.5689371152153928
2020-12-21,East Lake Bonney,0.08357909731652576,0.09274920423825582,2021,0.9072507957617442,0.5658333871500068,Dec,0.5641131971630322,0.560527148411667
2020-12-24,West Lake Bonney,0.10452384561432318,0.04799307935901305,2021,0.9520069206409869,0.6011876610095721,Dec,0.5969771488966498,0.6190839885958899
2020-12-24,East Lake Bonney,0.09010519908871951,0.13432148133439045,2021,0.8656785186656095,0.6011876610095721,Dec,0.6026156839552752,0.5853245285641242
2021-01-13,West Lake Bonney,0.09016170243619324,0.04061837812500994,2021,0.9593816218749901,0.5190309267804928,Jan,0.5071904182799337,0.5265647590374662
2021-01-13,East Lake Bonney,0.0462913742871742,0.07194163210396827,2021,0.9280583678960317,0.5190309267804928,Jan,0.5243462853623533,0.5143155326349076
2021-01-16,West Lake Bonney,0.10291468277780148,0.05848936352076499,2021,0.941510636479235,0.5444569596765377,Jan,0.5317288228236974,0.5491017239262119
2021-01-16,East Lake Bonney,0.26301213191340006,0.2020285270832203,2021,0.7979714729167797,0.5444569596765377,Jan,0.469121345891338,0.49296950620414737
2021-01-18,West Lake Bonney,0.09339490972835458,0.05354157604866052,2021,0.9464584239513395,0.55354283968135,Jan,0.5460024416814997,0.5615874287159637
2021-01-18,East Lake Bonney,0.07083968710603752,0.0959540291338743,2021,0.9040459708661257,0.55354283968135,Jan,0.5548228544217109,0.5450016761476746
2021-01-22,West Lake Bonney,0.10333535825548062,0.05659939122008144,2021,0.9434006087799186,0.5535226401161903,Jan,0.5420916878399094,0.5603681875210629
2021-01-22,East Lake Bonney,0.04966572896386895,0.0681896034142011,2021,0.9318103965857989,0.5535226401161903,Jan,0.5630796554557889,0.5558357359017376
2021-02-01,West Lake Bonney,0.12377482409490508,0.0760848079702175,2021,0.9239151920297826,0.517426770888109,Feb,0.49218291963048916,0.5108325083687917
2021-02-01,East Lake Bonney,0.13720019393516297,0.1925771070892181,2021,0.8074228929107818,0.517426770888109,Feb,0.48693281391599746,0.46527719834187736
2021-10-31,West Lake Bonney,0.15440183727699827,0.11949187767958624,2022,0.8805081223204138,0.3622640161810435,Oct,0.3000257423392377,0.3136775806539968
2021-10-31,East Lake Bonney,0.2068619586456788,0.23233998213653212,2022,0.7676600178634678,0.3622640161810435,Oct,0.2795107631425571,0.26954736412153524
2021-11-04,West Lake Bonney,0.14892485722816418,0.11570573684746624,2022,0.8842942631525338,0.36349128764141186,Nov,0.3035927112316417,0.31658333240753755
2021-11-04,East Lake Bonney,0.21161830316895075,0.24409998522864448,2022,0.7559000147713555,0.36349128764141186,Nov,0.27907590292682316,0.266373663314285
2021-11-09,West Lake Bonney,0.14277869469467763,0.10527756011706922,2022,0.8947224398829308,0.3668415660132738,Nov,0.3098866768578549,0.32455181631311475
2021-11-09,East Lake Bonney,0.21669515531066927,0.30489470103272687,2022,0.6951052989672731,0.3668415660132738,Nov,0.2809810126644312,0.24648982586506296
2021-11-11,West Lake Bonney,0.13270141545190914,0.09407824174917576,2022,0.9059217582508242,0.35866109853063355,Nov,0.30432804847411543,0.31943197092699793
2021-11-11,East Lake Bonney,0.22313427361782717,0.2625128971343791,2022,0.7374871028656209,0.35866109853063355,Nov,0.2689635057401793,0.2535641581756066
2021-11-20,West Lake Bonney,0.09793084223642852,0.06323165024644625,2022,0.9367683497535537,0.35545802644112734,Nov,0.3142058632556009,0.3277752790946024
2021-11-20,East Lake Bonney,0.18588005305106,0.24521678363283475,2022,0.7547832163671653,0.35545802644112734,Nov,0.2798125720631062,0.2566084360122337
2021-12-02,West Lake Bonney,0.1362553636626513,0.0753616333814032,2022,0.9246383666185968,0.4169630321745121,Dec,0.3706404175218096,0.3944534316234868
2021-12-02,East Lake Bonney,0.2648231757929262,0.3680921090973748,2022,0.6319078909026252,0.4169630321745121,Dec,0.3203628748398364,0.27997867512525143
2021-12-04,West Lake Bonney,0.10494504801080735,0.06888387133124103,2022,0.9311161286687589,0.44480819658040605,Dec,0.41521932794021593,0.4293213595422777
2021-12-04,East Lake Bonney,0.11535579880970662,0.24262052090079697,2022,0.757379479099203,0.44480819658040605,Dec,0.41114811478841506,0.36138015661268796
2021-12-06,West Lake Bonney,0.1238913600549706,0.05939995082784418,2022,0.9406000491721558,0.44535644822558595,Dec,0.4084468588453658,0.4336667760727969
2021-12-06,East Lake Bonney,0.2775768628933067,0.38911954738475657,2022,0.6108804526152434,0.44535644822558595,Dec,0.34834682835931047,0.30472710747070897
2021-12-08,West Lake Bonney,0.11563829991544562,0.0653196310966776,2022,0.9346803689033224,0.4582302284331301,Dec,0.4266237562023537,0.4463013020617496
2021-12-08,East Lake Bonney,0.2521038683321028,0.3089808636241489,2022,0.6910191363758511,0.4582302284331301,Dec,0.373257728368451,0.3510154928428077
2021-12-11,West Lake Bonney,0.09491157678780753,0.07160166240733382,2022,0.9283983375926662,0.45424920795063867,Dec,0.4301062233770394,0.4392217647847899
2021-12-11,East Lake Bonney,0.21707637166665403,0.15997920472312857,2022,0.8400207952768715,0.45424920795063867,Dec,0.3823326353616191,0.4046609708948864
2021-12-18,West Lake Bonney,0.08812288113633653,0.09068160194103474,2022,0.9093183980589653,0.4994135352597994,Dec,0.4852073403889804,0.48420673073141607
2021-12-18,East Lake Bonney,0.11633394910242628,0.1247624726715205,2022,0.8752375273284795,0.4994135352597994,Dec,0.4741751609478936,0.47087911470996147
2021-12-20,West Lake Bonney,0.07853759844670627,0.08486541243093679,2022,0.9151345875690632,0.49466935902843784,Dec,0.4834466497942352,0.48097210400859663
2021-12-20,East Lake Bonney,0.13542467207241807,0.16645570314703273,2022,0.8335442968529673,0.49466935902843784,Dec,0.46120047305000345,0.4490655229138162
2021-12-22,West Lake Bonney,0.07864604673972628,0.08235651576663923,2022,0.9176434842333607,0.49676043712781687,Dec,0.48583247054765494,0.4843814598959241
2021-12-22,East Lake Bonney,0.14246196578474982,0.19074135532816097,2022,0.8092586446718391,0.49676043712781687,Dec,0.46087670953396975,0.44199664127886973
2021-12-24,West Lake Bonney,0.08157504184344,0.07927747483585905,2022,0.920722525164141,0.49521858335959074,Dec,0.48289660938161555,0.4837950926129495
2021-12-24,East Lake Bonney,0.07398246375134253,0.11606250987681926,2022,0.8839374901231807,0.49521858335959074,Dec,0.4858657519902246,0.46940999000689637
2022-01-05,West Lake Bonney,0.03934689099604981,0.05197356265375335,2022,0.9480264373462467,0.544992959200056,Jan,0.557209972265639,0.5522722043073713
2022-01-05,East Lake Bonney,0.26987691215900433,0.3627142415554435,2022,0.6372857584445565,0.544992959200056,Jan,0.4670592355730658,0.4307544037969734
2022-01-07,West Lake Bonney,0.03968294606010858,0.04674589360669714,2022,0.9532541063933029,0.5141979175745004,Jan,0.5213183145214966,0.5185562884680834
2022-01-07,East Lake Bonney,0.18350912881505504,0.30048219075909366,2022,0.6995178092409063,0.5141979175745004,Jan,0.46507385548909225,0.4193305390470788
2022-01-12,West Lake Bonney,0.0522186670477754,0.04784791979377519,2022,0.9521520802062248,0.4914783244779648,Jan,0.49003335614552135,0.4917425742458686
2022-01-12,East Lake Bonney,0.16107352125319488,0.2784503862399746,2022,0.7215496137600255,0.4914783244779648,Jan,0.44746473428154093,0.4015635072055972
2022-01-14,West Lake Bonney,0.06217994319214913,0.05376075330751695,2022,0.946239246692483,0.49332431413609873,Jan,0.48828153932745755,0.4915739355482419
2022-01-14,East Lake Bonney,0.16955025896508857,0.2904922136278064,2022,0.7095077863721936,0.49332431413609873,Jan,0.4462934589160019,0.3989980730270777
2022-01-16,West Lake Bonney,0.07668972432482624,0.06814016808434033,2022,0.9318598319156597,0.4864685173805767,Jan,0.4746461829774277,0.47798956007680155
2022-01-16,East Lake Bonney,0.17215601669393485,0.2842147795414483,2022,0.7157852204585518,0.4864685173805767,Jan,0.43731327274314563,0.3934917349989541
2022-01-19,West Lake Bonney,0.0100663059424706,0.00546968654127829,2022,0.9945303134587217,0.46402603404077714,Jan,0.47463887235846713,0.476436419694048
2022-01-19,East Lake Bonney,0.0964051321702214,0.206223324668584,2022,0.7937766753314159,0.46402603404077714,Jan,0.44087533583364347,0.39792999228996645
2022-01-25,West Lake Bonney,0.06347265405547456,0.04359676998439084,2022,0.9564032300156091,0.44230525575634827,Jan,0.42853096307746436,0.4363035975585838
2022-01-25,East Lake Bonney,0.23018917323928487,0.4298187340299288,2022,0.5701812659700711,0.44230525575634827,Jan,0.363335042184289,0.2852681948378862
2022-01-28,West Lake Bonney,0.14046895868015818,0.04561108845106235,2022,0.9543889115489377,0.45731588441978244,Jan,0.4158517476011282,0.45294672915321293
2022-01-28,East Lake Bonney,0.19335329608868343,0.36513340144797607,2022,0.6348665985520239,0.45731588441978244,Jan,0.3951708750933904,0.3279947955131893
2022-11-14,West Lake Bonney,0.10967205424287373,0.05990653768982264,2023,0.9400934623101773,0.41538588688402706,Nov,0.3792046137777582,0.39866584471206984
2022-11-14,East Lake Bonney,0.33211749837918275,0.5325448634447875,2023,0.46745513655521254,0.41538588688402706,Nov,0.292215420085629,0.21383658455321308
2022-11-16,West Lake Bonney,0.13325786615146154,0.06999861824697834,2023,0.9300013817530217,0.39323945674795424,Nov,0.34426399897933296,0.3690020689818343
2022-11-16,East Lake Bonney,0.42634548538332295,0.5937708329271387,2023,0.4062291670728613,0.39323945674795424,Nov,0.2296495784542606,0.16417646416770115
2022-11-19,West Lake Bonney,0.11244481176835122,0.06021263933247094,2023,0.9397873606675291,0.4067828833544888,Nov,0.36813020549591935,0.38855604331258986
2022-11-19,East Lake Bonney,0.3375651143877003,0.5458080813840583,2023,0.45419191861594166,0.4067828833544888,Nov,0.28009498551368717,0.19865979199284567
2022-11-21,West Lake Bonney,0.11268677128201364,0.06564150659459532,2023,0.9343584934054047,0.3977614820033046,Nov,0.3575596297685916,0.3759570829422497
2022-11-21,East Lake Bonney,0.3378032919410528,0.5504091197693789,2023,0.4495908802306211,0.3977614820033046,Nov,0.26952588875428896,0.18638456118589497
2022-11-23,West Lake Bonney,0.09811207318108492,0.05912532922772711,2023,0.9408746707722729,0.4004212183687685,Nov,0.36634776566654326,0.38159386537585405
2022-11-23,East Lake Bonney,0.3288956967958181,0.5097346645814401,2023,0.4902653354185599,0.4004212183687685,Nov,0.2760978555659273,0.20537923034585492
2022-11-28,West Lake Bonney,0.09531616863109212,0.04690338280043259,2023,0.9530966171995674,0.40824705522801563,Nov,0.37652875365195226,0.3954609876662312
2022-11-28,East Lake Bonney,0.29752306416029084,0.39818862257180393,2023,0.6018113774281961,0.40824705522801563,Nov,0.29745401750992995,0.25808788981607844
2022-12-05,West Lake Bonney,0.06055799954829799,0.03276776207441337,2023,0.9672322379255867,0.477006172440727,Dec,0.46996663798884303,0.48083424806623654
2022-12-05,East Lake Bonney,0.21388948821417147,0.29084339693740563,2023,0.7091566030625944,0.477006172440727,Dec,0.4100050477731096,0.37991156351550515
2022-12-11,West Lake Bonney,0.09259882397120836,0.0606085709652363,2023,0.9393914290347637,0.48127358160398565,Dec,0.46239225891483693,0.47490232099231194
2022-12-11,East Lake Bonney,0.3586031637514263,0.421815824508667,2023,0.578184175491333,0.48127358160398565,Dec,0.3583689864853552,0.333649134785282
2022-12-16,West Lake Bonney,0.06093188035406507,0.05877737323509736,2023,0.9412226267649026,0.5361993102634312,Dec,0.5385574959348878,0.5394000343730683
2022-12-16,East Lake Bonney,0.1825287304767708,0.25630190515959705,2023,0.743698094840403,0.5361993102634312,Dec,0.49100600757446466,0.4621563765708501
2022-12-18,West Lake Bonney,0.06516692353553798,0.0640853700767108,2023,0.9359146299232892,0.5419050182176179,Dec,0.5435270065072997,0.5439499572388087
2022-12-18,East Lake Bonney,0.21713662826564345,0.30524109497114466,2023,0.6947589050288554,0.5419050182176179,Dec,0.4840979535481295,0.4496439482114763
2023-01-03,West Lake Bonney,0.05111158166485605,0.04111719217198426,2023,0.9588828078280157,0.529940150272031,Jan,0.5351294601398717,0.5390378516414629
2023-01-03,East Lake Bonney,0.1905727458974892,0.36740995546182,2023,0.63259004453818,0.529940150272031,Jan,0.4805919789382859,0.41143827550104695
2023-01-10,West Lake Bonney,0.061576246486638,0.04953479969855101,2023,0.950465200301449,0.4985009608270313,Jan,0.49452891674720934,0.49923782751429385
2023-01-10,East Lake Bonney,0.2228398003512211,0.419015293540778,2023,0.580984706459222,0.4985009608270313,Jan,0.4314654245859079,0.35474931992045
2023-01-22,West Lake Bonney,0.08442553930871419,0.06728163323193136,2023,0.9327183667680686,0.5004230792033306,Jan,0.48782553399938466,0.49452980511693145
2023-01-22,East Lake Bonney,0.13461728520790522,0.34106779678000343,2023,0.6589322032199966,0.5004230792033306,Jan,0.46819762243336754,0.3874633839385589
2023-01-24,West Lake Bonney,0.08389602924360466,0.06134283849332996,2023,0.93865716150667,0.4847154408880378,Jan,0.46979236427230736,0.47861198243157604
2023-01-24,East Lake Bonney,0.18203301868224997,0.36779877962889496,2023,0.632201220371105,0.4847154408880378,Jan,0.4314150551042689,0.3587697652755805
2023-11-17,West Lake Bonney,0.10797866695663905,0.04189034360154695,2024,0.958109656398453,0.466267069170961,Nov,0.4389517716030212,0.4647961757599404
2023-11-17,East Lake Bonney,0.27023206601832855,0.4190677627938351,2024,0.5809322372061649,0.466267069170961,Nov,0.3755011920104143,0.31729771966969117
2023-11-19,West Lake Bonney,0.11359207401437572,0.04231326368224798,2024,0.957686736317752,0.45421033249974135,Nov,0.4227559116624149,0.4506301001502964
2023-11-19,East Lake Bonney,0.26290815179451704,0.457070931599096,2024,0.542929068400904,0.45421033249974135,Nov,0.3643645822207272,0.2884355663408923
2023-12-05,West Lake Bonney,0.07118723165549182,0.04075102656465041,2024,0.9592489734353495,0.49936191519574047,Dec,0.49177022802462633,0.5036725663718131
2023-12-05,East Lake Bonney,0.2078332744936549,0.27377042494438314,2024,0.7262295750556169,0.49936191519574047,Dec,0.4383336241244446,0.4125483374248856
2023-12-19,West Lake Bonney,0.04611499273102985,0.02289866226676249,2024,0.9771013377332375,0.5727166030266752,Dec,0.5867568780547486,0.5958358226715648
2023-12-19,East Lake Bonney,0.1330914514986113,0.22160835045355337,2024,0.7783916495464467,0.5727166030266752,Dec,0.5527439898710178,0.5181286993753413
2023-12-28,West Lake Bonney,0.04887838882026774,0.02408217464835616,2024,0.9759178253516438,0.5809634439733345,Dec,0.5952527381115437,0.6049495097663058
2023-12-28,East Lake Bonney,0.11795550849171312,0.21721033201449447,2024,0.7827896679855055,0.5809634439733345,Dec,0.5682395395894305,0.5294250918410173
2023-12-30,West Lake Bonney,0.04258584962658784,0.01888791987175185,2024,0.9811120801282481,0.5493094577307271,Dec,0.5609558134046791,0.5702230915435953
2023-12-30,East Lake Bonney,0.14621630643173933,0.23827918516816915,2024,0.7617208148318309,0.5493094577307271,Dec,0.5204302368327303,0.48442826061176125
2024-01-04,West Lake Bonney,0.04408211852556592,0.01878526126952848,2024,0.9812147387304715,0.5695005536650446,Jan,0.5838172659594474,0.5937098183746775
2024-01-04,East Lake Bonney,0.15979342984193978,0.2637086181728928,2024,0.7362913818271072,0.5695005536650446,Jan,0.5385673678931946,0.49793044462253333
2024-01-22,West Lake Bonney,0.05744355996096836,0.03321550406635923,2024,0.9667844959336408,0.5956805144496038,Jan,0.6089932130693125,0.6184678015698009
2024-01-22,East Lake Bonney,0.17811011515921876,0.30802827681656236,2024,0.6919717231834377,0.5956805144496038,Jan,0.5618055244966911,0.5109999160814845
2024-11-12,West Lake Bonney,0.13561137418623678,0.09088050795861506,2025,0.909119492041385,0.48478483543326684,Nov,0.4496492195531671,0.4671416074121288
2024-11-12,East Lake Bonney,0.202243891525954,0.3211931765286459,2025,0.6788068234713541,0.48478483543326684,Nov,0.4235920036836122,0.37707586831021755
2024-11-14,West Lake Bonney,0.1325408639451698,0.09564178655056088,2025,0.9043582134494391,0.4667023461389589,Nov,0.42985197265940933,0.44428167250335676
2024-11-14,East Lake Bonney,0.1340090478062865,0.24534325066919405,2025,0.754656749330806,0.4667023461389589,Nov,0.42927782680191057,0.38573963443746895
2024-11-21,West Lake Bonney,0.13008058740262968,0.07949085220513838,2025,0.9205091477948616,0.49075273626465826,Nov,0.4587422086771518,0.4785257573626057
2024-11-21,East Lake Bonney,0.21356296279166184,0.3365072435802884,2025,0.6634927564197116,0.49075273626465826,Nov,0.42609571168643096,0.3780172990383939
2024-12-21,West Lake Bonney,0.05422827661237357,0.03521694527824284,2025,0.9647830547217572,0.5973633704580881,Dec,0.612204766257409,0.6196393099954978
2024-12-21,East Lake Bonney,0.13556499388721238,0.2168571431983124,2025,0.7831428568016876,0.5973633704580881,Dec,0.5803973472258588,0.5486073568777556
2016-11-02,Lake Fryxell,0.1540982200880541,0,2017,1,0.565729038943998,Nov,0.5364149183392333,0.5966763454361079
2016-11-04,Lake Fryxell,0.16056213560486995,0,2017,1,0.5364074691964558,Nov,0.4998379535685922,0.5626271501196136
2016-11-06,Lake Fryxell,0.16663203106917265,0,2017,1,0.5392930592925228,Nov,0.5008151135285617,0.5659779946218102
2016-11-08,Lake Fryxell,0.18202916328018703,0,2017,1,0.5076385284059308,Nov,0.4580356248299671,0.5292196861789304
2016-11-13,Lake Fryxell,0.19404682987753585,0,2017,1,0.5175096529988414,Nov,0.46479869617494146,0.5406823688439892
2016-11-15,Lake Fryxell,0.18761138830531177,0,2017,1,0.5024648827912991,Nov,0.449844836276275,0.5232118744707701
2016-12-10,Lake Fryxell,0.0476793906072363,0.00703959539613353,2017,0.9929604046038665,0.7683084721442011,Dec,0.8132729793420836,0.8291655188856706
2016-12-13,Lake Fryxell,0.0978644657690977,0.00679796978071446,2017,0.9932020302192855,0.7224824071146685,Dec,0.7404329047667091,0.7760452369911566
2016-12-15,Lake Fryxell,0.14727827114474862,0.01262603815736216,2017,0.9873739618426378,0.7028666177565644,Dec,0.6983306975820012,0.7509876050853073
2016-12-19,Lake Fryxell,0.18516900810757295,0.00393452475772365,2017,0.9960654752422764,0.6249006181529687,Dec,0.5929764535538447,0.6638497485184849
2016-12-24,Lake Fryxell,0.23084619175900664,1.0034424791994848e-5,2017,0.999989965575208,0.561117504330023,Dec,0.5010468980638717,0.5913173519248559
2017-01-02,Lake Fryxell,0.1259492873061628,0,2017,1,0.5344778450944477,Jan,0.5111328594073834,0.5603864055584464
2017-01-11,Lake Fryxell,0.02562694271130626,0,2017,1,0.5481319127575228,Jan,0.5662203340959053,0.5762419692519163
2017-01-14,Lake Fryxell,0.01740944552433788,1.1362889090104772e-4,2017,0.999886371109099,0.4905820025037784,Jan,0.5026049606803962,0.5093686377205411
2017-01-18,Lake Fryxell,0.0171621028138916,0,2017,1,0.5524809695484686,Jan,0.5745808535111914,0.5812922406184367
2017-01-25,Lake Fryxell,0.03038925562088823,1.3156524713630824e-4,2017,0.9998684347528637,0.5608449854519166,Jan,0.5791208395083839,0.5909533681484666
2017-01-27,Lake Fryxell,0.03703263031436295,3.80003321161463e-4,2017,0.9996199966788385,0.5499895457554177,Jan,0.5639171884603251,0.5782505117667049
2017-01-30,Lake Fryxell,0.05171661495465955,0.00158164368939535,2017,0.9984183563106046,0.5561570891026493,Jan,0.5653368499250753,0.5849425592848542
2017-11-04,Lake Fryxell,0.1446238139576457,0.10968659196444612,2018,0.8903134080355539,0.5636848014408,Nov,0.5377461283924588,0.5514086279002889
2017-11-07,Lake Fryxell,0.1541338768951856,0.08041777070616092,2018,0.919582229293839,0.5650433652986342,Nov,0.5356047470865128,0.5644320609674716
2017-11-18,Lake Fryxell,0.13731256089512686,0.07354800192055186,2018,0.9264519980794481,0.5979455971536763,Nov,0.5803900474666821,0.6053257236854925
2017-11-20,Lake Fryxell,0.1417989019255242,0.14847239158558148,2018,0.8515276084144185,0.5638891940577937,Nov,0.5390881820040582,0.5364784567885333
2017-11-21,Lake Fryxell,0.15742400982878887,0.12106763671985582,2018,0.8789323632801442,0.5684020388588509,Nov,0.5382183174295104,0.552435788120339
2017-11-25,Lake Fryxell,0.1889382694736387,0.13721410421080382,2018,0.8627858957891962,0.5105747209198485,Nov,0.45874336548940947,0.47897054275564876
2017-11-27,Lake Fryxell,0.17402647161008977,0.11785077632586928,2018,0.8821492236741307,0.49703365504214675,Nov,0.4488504093864399,0.4708183955452153
2017-11-30,Lake Fryxell,0.18297110465602168,0.10346372726135292,2018,0.8965362727386471,0.5081550747973663,Nov,0.45826710168192836,0.48935914170545847
2017-12-02,Lake Fryxell,0.19348080514282584,0.09564447375732173,2018,0.9043555262426782,0.4912331366695749,Dec,0.4345068683606136,0.47276660262519044
2017-12-07,Lake Fryxell,0.22955451868850263,0.11478090685043008,2018,0.8852190931495699,0.47579173611637904,Dec,0.40246885920752795,0.44735206187186016
2017-12-16,Lake Fryxell,0.06823462796916771,0.00247793187925869,2018,0.9975220681207413,0.6396565464815297,Dec,0.6558397245904324,0.6815544430686153
2017-12-23,Lake Fryxell,0.06813810778441161,0.00877462885798598,2018,0.991225371142014,0.6758320112599724,Dec,0.6978856389278074,0.7211002351476568
2018-01-03,Lake Fryxell,0.03039689666600268,7.519974632370741e-7,2018,0.9999992480025368,0.557835378737521,Jan,0.5756229946319276,0.5875096670083026
2018-01-05,Lake Fryxell,0.02821732024828753,0,2018,1,0.5551047526034766,Jan,0.5733044415086659,0.5843390659581871
2018-01-07,Lake Fryxell,0.02201205909017651,3.393359185321498e-5,2018,0.9999660664081468,0.564303017840232,Jan,0.5864123976597635,0.5950071316332407
2018-01-10,Lake Fryxell,0.04819178222674824,0.01289471466375665,2018,0.9871052853362433,0.662931202561832,Jan,0.6907049661662252,0.7045081863621836
2018-01-12,Lake Fryxell,0.05351325626454414,0.01696133295293368,2018,0.9830386670470663,0.6608044679230829,Jan,0.6861543222630411,0.7004482645333316
2018-01-14,Lake Fryxell,0.07106085350660958,0.02778583871154946,2018,0.9722141612884505,0.6121919266060349,Jan,0.6228416623976935,0.6397647271008324
2018-01-19,Lake Fryxell,0.07812239121203195,0.03595380569546469,2018,0.9640461943045353,0.6201698676315842,Jan,0.6293444417559805,0.6458348278255464
2018-01-26,Lake Fryxell,0.00873105016885469,0.00345833189208874,2018,0.9965416681079112,0.754076680739,Jan,0.8119776250485894,0.8140395666327045
2018-01-30,Lake Fryxell,0.01875730765188901,0.00488476494641311,2018,0.9951152350535869,0.6959810176692401,Jan,0.7405941287461637,0.7460191052346438
2018-11-05,Lake Fryxell,0.18919332099815736,0.12286207409001385,2019,0.8771379259099862,0.5593336225907242,Nov,0.5152641058507336,0.5412035073410026
2018-11-07,Lake Fryxell,0.1101631474164606,0.0778857219131196,2019,0.9221142780868804,0.5258868504032692,Nov,0.5073300117775406,0.5199523751165391
2018-11-08,Lake Fryxell,0.1371048716472689,0.1172703948656195,2019,0.8827296051343805,0.5078775480582152,Nov,0.4758812110265636,0.48363765283295845
2018-11-12,Lake Fryxell,0.15724118273421006,0.10904658085813648,2019,0.8909534191418635,0.5227244696063645,Nov,0.48524748017305114,0.5040943914855787
2018-11-17,Lake Fryxell,0.09718109012449776,0.08326234061382991,2019,0.9167376593861701,0.5352563437651248,Nov,0.5232869278959316,0.5287299739508275
2018-11-19,Lake Fryxell,0.1289041600244369,0.11349811001603764,2019,0.8865018899839624,0.5219251754277959,Nov,0.49540074794708716,0.5014254155837508
2018-11-24,Lake Fryxell,0.11474841151593988,0.0860521859713459,2019,0.9139478140286541,0.499938400832603,Nov,0.47540469058159124,0.48662659504371214
2018-11-26,Lake Fryxell,0.13411300805474077,0.08421558500582674,2019,0.9157844149941733,0.49598713682314566,Nov,0.4632436584856773,0.4827564725835031
2018-11-28,Lake Fryxell,0.14277021118310107,0.07933384183351357,2019,0.9206661581664864,0.5093916808462986,Nov,0.4754239935805433,0.500231328439221
2018-11-30,Lake Fryxell,0.16326456566885245,0.10884622523659154,2019,0.8911537747634084,0.49021195863696404,Nov,0.44513736091306727,0.46641811842485253
2018-12-05,Lake Fryxell,0.17338335820125728,0.10221847271786556,2019,0.8977815272821345,0.4843084518059774,Dec,0.43432496938015214,0.4621546065814406
2018-12-19,Lake Fryxell,0.08117974047063263,0.00751689027888084,2019,0.9924831097211192,0.5128925132814974,Dec,0.5035747586358752,0.5323812463035571
2018-12-30,Lake Fryxell,0.20525897291482728,0.1550387566615092,2019,0.8449612433384908,0.614102555237452,Dec,0.5725810262742536,0.5922200714157828
2019-01-01,Lake Fryxell,0.13885829811812353,0.14985313657382365,2019,0.8501468634261764,0.5730303754965428,Jan,0.5508531783420796,0.5465535527158947
2019-01-04,Lake Fryxell,0.16954610963794625,0.17401955142346756,2019,0.8259804485765324,0.56567770943326,Jan,0.5303142834336263,0.5285649057582951
2019-01-06,Lake Fryxell,0.17889743946680445,0.1933303600714605,2019,0.8066696399285395,0.5718009205456089,Jan,0.533767845091333,0.5281237280319959
2019-01-10,Lake Fryxell,0.18177142328869011,0.19300456001373775,2019,0.8069954399862622,0.5434840768643232,Jan,0.49976147559842,0.49536866139564156
2019-01-11,Lake Fryxell,0.2146639787630212,0.213479844804265,2019,0.786520155195735,0.5188903128295441,Jan,0.45833945248944313,0.45880251820290663
2019-01-15,Lake Fryxell,0.16764795896852036,0.16999802648797072,2019,0.8300019735120293,0.6041907075918388,Jan,0.5757791633497696,0.5748601493441883
2019-01-24,Lake Fryxell,0.1560865434285606,0.16234970996611492,2019,0.8376502900338851,0.6111653687035894,Jan,0.5883995654126786,0.5859503005640467
2019-01-26,Lake Fryxell,0.16957585415403478,0.1740246575679285,2019,0.8259753424320715,0.5753616849849403,Jan,0.5415480104751582,0.5398082678458047
2019-01-27,Lake Fryxell,0.17859935081072945,0.18285424531178368,2019,0.8171457546882164,0.623730522915096,Jan,0.5941868201976288,0.5925229073073071
2019-11-04,Lake Fryxell,0.24180144685689303,0.4009787626564502,2020,0.5990212373435497,0.41942467287983437,Nov,0.3322242590413951,0.2699766081207675
2019-11-06,Lake Fryxell,0.4129754700727664,0.4195408740438017,2020,0.5804591259561983,0.45513681634311315,Nov,0.3067553380299761,0.304187880647691
2019-11-08,Lake Fryxell,0.3987709979250213,0.4058752780346046,2020,0.5941247219653953,0.44855817639619633,Nov,0.30467077987238045,0.30189259036665617
2019-11-10,Lake Fryxell,0.38511067011870703,0.40236350828713746,2020,0.5976364917128625,0.4443023087276512,Nov,0.30507071089341153,0.29832384094963826
2019-11-11,Lake Fryxell,0.3855141258917446,0.3902923845146832,2020,0.6097076154853168,0.4638867036700654,Nov,0.3276549957231617,0.32578641681620424
2019-11-15,Lake Fryxell,0.34714999839946226,0.37596014091618973,2020,0.6240398590838103,0.4898844610952893,Nov,0.37284708833088337,0.3615806356623822
2019-11-17,Lake Fryxell,0.3507630377627605,0.3854329903378971,2020,0.614567009662103,0.47638776496380425,Nov,0.35576135981702633,0.3422033783013096
2019-11-24,Lake Fryxell,0.3629209542212209,0.3699180049107487,2020,0.6300819950892513,0.4531045017653759,Nov,0.32396959240840323,0.32123333588461483
2019-11-26,Lake Fryxell,0.26597484970922985,0.3464220575436623,2020,0.6535779424563377,0.336801256932955,Nov,0.2268259469785187,0.19536637822236025
2019-11-27,Lake Fryxell,0.3271729677575367,0.3240521471051121,2020,0.6759478528948879,0.4712999249985634,Nov,0.3590782871829421,0.3602987107940717
2019-12-03,Lake Fryxell,0.30586725861784864,0.32692680503696875,2020,0.6730731949630313,0.4753183609056678,Dec,0.3720764102375299,0.36384089447035306
2019-12-17,Lake Fryxell,0.10646827542222365,0.1033053449789435,2020,0.8966946550210565,0.6608473194534615,Dec,0.6654955696944365,0.6667324606994806
2019-12-24,Lake Fryxell,0.15005561436174888,0.1610145226257277,2020,0.8389854773742723,0.5505796970457102,Dec,0.5204038873423404,0.5161183125249693
2019-12-26,Lake Fryxell,0.12803233213823903,0.14193146551181948,2020,0.8580685344881805,0.5371890370029896,Dec,0.5134665943550802,0.5080312193583856
2019-12-31,Lake Fryxell,0.1188512532094397,0.13303224849555145,2020,0.8669677515044485,0.4839350563535018,Dec,0.45521661610828384,0.4496710165996923
2020-01-02,Lake Fryxell,0.15354693244266576,0.1853984468316754,2020,0.8146015531683246,0.5451394449357839,Jan,0.5127211733839536,0.5002653662293897
2020-01-11,Lake Fryxell,0.1432201603554386,0.1693742308079412,2020,0.8306257691920588,0.6121221292291847,Jan,0.5945420971482345,0.5843143241800626
2020-01-20,Lake Fryxell,0.19046059248752423,0.22462310174242,2020,0.7753768982575799,0.5635961242183972,Jan,0.519718289087651,0.5063587476229031
2020-10-30,Lake Fryxell,0.3224698399633441,0.29273787017603564,2021,0.7072621298239643,0.5256083944208144,Oct,0.42398231114522505,0.4356092522530494
2020-11-08,Lake Fryxell,0.2029945874674244,0.16072428150844753,2021,0.8392757184915525,0.6607245713425072,Nov,0.6276055904539015,0.644135755172572
2020-11-15,Lake Fryxell,0.3641162895255463,0.34923915004819855,2021,0.6507608499518014,0.5027577835965984,Nov,0.38116121114926105,0.38697904379854114
2020-11-17,Lake Fryxell,0.35502396408278986,0.3426976922087203,2021,0.6573023077912796,0.512001543608795,Nov,0.3954510085513731,0.4002713026046792
2020-11-19,Lake Fryxell,0.34922883621227624,0.33419846412830784,2021,0.6658015358716922,0.4997935867301463,Nov,0.3835409517782433,0.3894187073490695
2020-11-24,Lake Fryxell,0.3424117451114751,0.3312990454802836,2021,0.6687009545197165,0.5062237740225112,Nov,0.3936737838319725,0.39801950007899894
2020-11-26,Lake Fryxell,0.3406477919154078,0.3296871918036525,2021,0.6703128081963474,0.4910753159951634,Nov,0.37677269265263585,0.3810589290815519
2020-11-28,Lake Fryxell,0.3212808646008433,0.3146923314372118,2021,0.6853076685627881,0.4901607197493389,Nov,0.38328423524591326,0.38586073749680655
2020-11-29,Lake Fryxell,0.3177069151507537,0.32283535123543633,2021,0.6771646487645637,0.49675006491206614,Nov,0.3923336285006139,0.3903281097018796
2020-12-01,Lake Fryxell,0.33210589252229566,0.37267127969211206,2021,0.6273287203078879,0.4893565097347838,Dec,0.37811713970023686,0.36225369805766927
2020-12-03,Lake Fryxell,0.3149458376197134,0.3694103697973086,2021,0.6305896302026914,0.5103758652784256,Dec,0.40923611024248213,0.38793728905356717
2020-12-08,Lake Fryxell,0.2603409679334745,0.37736214613331887,2021,0.6226378538666811,0.49419139106712545,Dec,0.41179585452905904,0.366033721813634
2020-12-10,Lake Fryxell,0.2339182736500845,0.3675783645165594,2021,0.6324216354834407,0.5165433846743462,Dec,0.44808456367929855,0.39581564183899937
2020-12-14,Lake Fryxell,0.23993095283778484,0.3346098346290765,2021,0.6653901653709235,0.5312762811283384,Dec,0.4628415901077718,0.4258166035153288
2020-12-15,Lake Fryxell,0.2936988228443391,0.31746957165406164,2021,0.6825304283459384,0.510173136811358,Dec,0.4173095219833504,0.40801376733013844
2020-12-21,Lake Fryxell,0.22102189835346855,0.2940500861495957,2021,0.7059499138504043,0.5138375994009756,Dec,0.4499857524722894,0.4214274549632168
2020-12-24,Lake Fryxell,0.3090377395296917,0.3211435907821458,2021,0.6788564092178542,0.5015296114191018,Dec,0.40127395432002166,0.39653985763624094
2020-12-26,Lake Fryxell,0.2892884736259654,0.324773372816188,2021,0.675226627183812,0.5112586659595718,Dec,0.42029477981424496,0.40641810645377624
2020-12-30,Lake Fryxell,0.31842081243688675,0.3416146307631775,2021,0.6583853692368224,0.4924977344163716,Dec,0.38711650332879277,0.3780463622760975
2021-01-06,Lake Fryxell,0.3391409965767955,0.3748198171755425,2021,0.6251801828244574,0.4777034562147818,Jan,0.36183408347274665,0.34788157548670184
2021-01-13,Lake Fryxell,0.3162915405460752,0.380352241036139,2021,0.6196477589638609,0.466213833735768,Jan,0.3574274217289006,0.33237593683731115
2021-01-16,Lake Fryxell,0.34340434389434515,0.3803263367118692,2021,0.6196736632881308,0.49212043875132905,Jan,0.376908351201122,0.36246969008502883
2021-01-18,Lake Fryxell,0.3870561980075865,0.4072975028950469,2021,0.592702497104953,0.5474558319871968,Jan,0.4240952444210682,0.4161797090039536
2021-01-22,Lake Fryxell,0.40837692247581897,0.4685083617617314,2021,0.5314916382382686,0.4401501237271838,Jan,0.29115058668714733,0.2676356729997109
2021-02-01,Lake Fryxell,0.3940147330492676,0.4425451663651861,2021,0.557454833634814,0.4500454026159314,Feb,0.30825777516196806,0.28927953409224094
2021-10-31,Lake Fryxell,0.3706248747670248,0.4249567961446325,2022,0.5750432038553674,0.5240321017546709,Oct,0.40332042868891976,0.38207346608767134
2021-11-04,Lake Fryxell,0.37541994173971177,0.43404565051310046,2022,0.5659543494868995,0.5191229031729715,Nov,0.3957445498348692,0.37281846494413234
2021-11-09,Lake Fryxell,0.4006946883813928,0.4747196384390494,2022,0.5252803615609506,0.48397595497708396,Nov,0.3450468228013137,0.3160987328837257
2021-11-11,Lake Fryxell,0.41637619020612665,0.48485485548363594,2022,0.5151451445163641,0.5052275907031211,Nov,0.36359255324265616,0.33681338543037453
2021-11-15,Lake Fryxell,0.4217745519532761,0.49310212093057915,2022,0.5068978790694209,0.48480122646380647,Nov,0.337761694910732,0.309868438937581
2021-11-20,Lake Fryxell,0.41323453295273904,0.4574604409753828,2022,0.5425395590246171,0.3847360414250371,Nov,0.2249022760004164,0.20760735636684277
2021-12-01,Lake Fryxell,0.30726577383047793,0.3779959054867717,2022,0.6220040945132284,0.5215970605942863,Dec,0.42526989518512687,0.39761027218673956
2021-12-02,Lake Fryxell,0.34619000929416305,0.4200395845380941,2022,0.5799604154619059,0.5100185813762735,Dec,0.3966029195391756,0.3677234114426229
2021-12-04,Lake Fryxell,0.4421785547171659,0.5386006157649191,2022,0.46139938423508087,0.49502266551247803,Dec,0.3416520147186783,0.3039453429671204
2021-12-06,Lake Fryxell,0.43612720241822234,0.5467760886688878,2022,0.4532239113311122,0.4637104583398687,Dec,0.3076576571921209,0.2643874637509849
2021-12-08,Lake Fryxell,0.418819624329442,0.5405128328199673,2022,0.4594871671800327,0.4619535266967945,Dec,0.3123857253941559,0.26479655526976287
2021-12-11,Lake Fryxell,0.3945348129464007,0.5128153722761268,2022,0.48718462772387316,0.4208034860509454,Dec,0.27409769411397245,0.2278430696351631
2021-12-18,Lake Fryxell,0.14374911479931937,0.14679997261697636,2022,0.8532000273830236,0.48647207049752167,Dec,0.44842616071629804,0.44723309667015515
2021-12-20,Lake Fryxell,0.1506616112830287,0.14770583082620695,2022,0.8522941691737931,0.4545897097442729,Dec,0.4087000976730292,0.40985598090394093
2021-12-22,Lake Fryxell,0.12181927676614496,0.09148194077901746,2022,0.9085180592209825,0.4772021254595108,Dec,0.4462374387652978,0.45810111350376675
2021-12-24,Lake Fryxell,0.1440340991749721,0.14537205329493977,2022,0.8546279467050603,0.477446223455231,Dec,0.4378335972622698,0.43731037885901164
2022-01-05,Lake Fryxell,0.28580004940278975,0.2702726082022029,2022,0.7297273917977971,0.5226299484701444,Jan,0.43486367456039765,0.4409358132611269
2022-01-07,Lake Fryxell,0.2931803475615016,0.30343023648387507,2022,0.696569763516125,0.5008867579748559,Jan,0.40672861999862575,0.4027203132596269
2022-01-12,Lake Fryxell,0.22843462222423488,0.25911380597075123,2022,0.7408861940292488,0.5730564181961675,Jan,0.5158538322396743,0.5038564750107855
2022-01-14,Lake Fryxell,0.2666301107655706,0.2949822191008948,2022,0.7050177808991052,0.5499365356294943,Jan,0.47406957264451777,0.4629822381606052
2022-01-16,Lake Fryxell,0.27508319311542534,0.2967746396710102,2022,0.7032253603289897,0.5208070911036358,Jan,0.4369378294533893,0.4284552037326756
2022-01-19,Lake Fryxell,0.3746305674361942,0.3806514994318324,2022,0.6193485005681676,0.4685557872982583,Jan,0.3373330016724958,0.33497846471351556
2022-01-21,Lake Fryxell,0.442704296891423,0.4956601427910023,2022,0.5043398572089977,0.4350872129722129,Jan,0.27184735063518517,0.2511385141203485
2022-01-25,Lake Fryxell,0.3876780520888172,0.4011635034156025,2022,0.5988364965843975,0.431071808294384,Jan,0.28870301106664104,0.2834294099729155
2022-01-28,Lake Fryxell,0.3723055614714173,0.3914548427538764,2022,0.6085451572461236,0.43973262054367257,Jan,0.3047717821844651,0.29728329193908093
2022-11-07,Lake Fryxell,0.5629135056023618,0.5868489910337261,2023,0.4131510089662739,0.372535447182771,Nov,0.15220129205997174,0.14284111574173602
2022-11-14,Lake Fryxell,0.3987291261852712,0.39416964049626113,2023,0.6058303595037389,0.4446124326504431,Nov,0.3001052235129279,0.3018882493927241
2022-11-16,Lake Fryxell,0.49874618390083103,0.4205675779428697,2023,0.5794324220571303,0.4155687122179034,Nov,0.22726615023869212,0.2578385628258002
2022-11-18,Lake Fryxell,0.5170188466670764,0.52674789280787,2023,0.47325210719212996,0.3752227309838738,Nov,0.17326935555909417,0.16946472884503772
2022-11-19,Lake Fryxell,0.542093831392707,0.5603847071192318,2023,0.43961529288076817,0.37150055391667947,Nov,0.1591412507975995,0.15198844738752676
2022-11-21,Lake Fryxell,0.603444854460485,0.629913866519928,2023,0.370086133480072,0.3360881567426994,Nov,0.09402733897442972,0.0836764053969038
2022-11-23,Lake Fryxell,0.5709280168413678,0.6123247375165609,2023,0.3876752624834391,0.385675842706321,Nov,0.16432621917260748,0.14813767745166895
2022-11-28,Lake Fryxell,0.4247207452813151,0.44348049432711495,2023,0.5565195056728851,0.40827033382117733,Nov,0.2477393081661815,0.24040314783393918
2022-12-04,Lake Fryxell,0.35311206247967664,0.4665799147456232,2023,0.5334200852543768,0.42582491603034933,Dec,0.2961274687883925,0.2517548945739979
2022-12-05,Lake Fryxell,0.28281394055511244,0.4468960858377299,2023,0.5531039141622701,0.41370342342836247,Dec,0.30954226482140945,0.2453765383763071
2022-12-11,Lake Fryxell,0.1801032298277377,0.21129037193337777,2023,0.7887096280666223,0.4824032993766354,Dec,0.4294847788700661,0.41728878017984766
2022-12-16,Lake Fryxell,0.2241618993814557,0.1967917839275267,2023,0.8032082160724733,0.490181829786252,Dec,0.4212879510215469,0.4319912687893804
2022-12-18,Lake Fryxell,0.25113306729236395,0.22610174371559816,2023,0.7738982562844019,0.48464919738868445,Dec,0.40431596583982565,0.41410467903844417
2023-01-03,Lake Fryxell,0.3225674626387796,0.29893688947186436,2023,0.7010631105281356,0.4656994467323747,Jan,0.3543758451813161,0.3636167829503683
2023-01-10,Lake Fryxell,0.3213221695803161,0.3019106892266668,2023,0.6980893107733332,0.4599458408197614,Jan,0.34818154652533767,0.35577257196031953
2023-01-15,Lake Fryxell,0.27264809999382167,0.24130176130990336,2023,0.7586982386900967,0.47337451184641827,Jan,0.38280978330772114,0.39506803718161726
2023-01-22,Lake Fryxell,0.3492282128878724,0.3254860216065457,2023,0.6745139783934543,0.46223892856957666,Jan,0.33993146038864697,0.3492160473761033
2023-01-24,Lake Fryxell,0.3660330289197952,0.33897130426607636,2023,0.6610286957339236,0.4359889501577817,Jan,0.3028774334295912,0.3134601523370772
2023-11-17,Lake Fryxell,0.33956188948469723,0.34767643115798336,2024,0.6523235688420166,0.44322454084806284,Nov,0.32163141078045504,0.31845814984862947
2023-11-19,Lake Fryxell,0.35473375539395163,0.3433403424302438,2024,0.6566596575697562,0.430196458643133,Nov,0.3005696745634731,0.3050251661603568
2023-11-21,Lake Fryxell,0.37279739924594374,0.35271117550538,2024,0.64728882449462,0.4200816437098694,Nov,0.28176006801776937,0.2896149576258507
2023-12-05,Lake Fryxell,0.17212149487081388,0.2560432015505052,2024,0.7439567984494948,0.48076900315511745,Dec,0.43070830472957394,0.3978900034796715
2023-12-07,Lake Fryxell,0.1347730652955071,0.2431570035915305,2024,0.7568429964084695,0.5009725566618136,Dec,0.4687747750470589,0.4263903088775869
2023-12-19,Lake Fryxell,0.08900610501440388,0.0634623157148008,2024,0.9365376842851992,0.5384147395908738,Dec,0.5301514614634177,0.5401405787665012
2023-12-28,Lake Fryxell,0.11643200044868848,0.07557585863685376,2024,0.9244241413631462,0.5593288629551211,Dec,0.5437125155909356,0.5596896593233329
2023-12-30,Lake Fryxell,0.09121270180171023,0.04358963486463876,2024,0.9564103651353613,0.5166571002425696,Dec,0.5040228485827052,0.5226462562685179
2024-01-04,Lake Fryxell,0.11061256642183016,0.07675374489294232,2024,0.9232462551070577,0.5806047477687846,Jan,0.5706945297706649,0.5839353115524614
2024-01-13,Lake Fryxell,0.0989593829251047,0.0678275014184979,2024,0.9321724985815021,0.5845291111217121,Jan,0.5798087098850147,0.591983098445291
2024-01-22,Lake Fryxell,0.07634632225470533,0.0205213191744693,2024,0.9794786808255307,0.6131998189038578,Jan,0.6219451331482642,0.6437759781209067
2024-01-24,Lake Fryxell,0.06567112823323795,6.145712926381213e-6,2024,0.9999938542870737,0.49688407886841757,Jan,0.4910500003725391,0.5167288534748279
2024-11-03,Lake Fryxell,0.13374115837900166,0.02078350146039464,2025,0.9792164985396054,0.4451365628985152,Nov,0.40433967270231413,0.4485127306620025
2024-11-07,Lake Fryxell,0.03845584197285724,4.6897268055176014e-4,2025,0.9995310273194482,0.5193077788699433,Nov,0.5277319272776084,0.5425870174479474
2024-11-12,Lake Fryxell,0.05197266027693587,0.00495458365666603,2025,0.995045416343334,0.5340508088601255,Nov,0.5395661633192788,0.5579529843667161
2024-11-14,Lake Fryxell,0.05142786606590523,0.0050862277525344,2025,0.9949137722474656,0.5209753205718921,Nov,0.5245955119379767,0.5427178059993565
2024-11-21,Lake Fryxell,0.0334915329367306,0.0014845607617364,2025,0.9985154392382636,0.538258229468691,Nov,0.5516791649067861,0.5641957651583203
2024-12-09,Lake Fryxell,0.0448219166534886,0.02208406006514577,2025,0.9779159399348543,0.5045823542013971,Dec,0.5081427597522085,0.5170345930670557
2024-12-21,Lake Fryxell,0.01571171763107622,5.359308512279517e-4,2025,0.9994640691487721,0.5825160161096529,Dec,0.6100257476894169,0.615960368920921
2016-11-02,Lake Hoare,0.37676121557994585,0.3270326196251059,2017,0.6729673803748941,0.48387372096212916,Nov,0.3542874944785973,0.37373428729716557
2016-11-04,Lake Hoare,0.37211041476668383,0.32069284776995954,2017,0.6793071522300405,0.46169544643903737,Nov,0.3303520698407201,0.3504593492324044
2016-11-06,Lake Hoare,0.3774336972978057,0.3277698620817715,2017,0.6722301379182285,0.4624297509607453,Nov,0.32912305383882556,0.34854452141653086
2016-11-08,Lake Hoare,0.39804714847628664,0.3516098018875696,2017,0.6483901981124305,0.43053489025907227,Nov,0.2840245999048746,0.3021843215060018
2016-11-15,Lake Hoare,0.31981876029234585,0.252566066010386,2017,0.747433933989614,0.44549885189673244,Nov,0.33199313699483274,0.3582928783625457
2016-12-10,Lake Hoare,0.27462366118663695,0.22038467945460988,2017,0.7796153205453902,0.6681440066571204,Dec,0.6082101268930702,0.6294207446509235
2016-12-13,Lake Hoare,0.493292679277862,0.3914989892925535,2017,0.6085010107074464,0.5563958646767091,Dec,0.39293202704720864,0.4327393202428493
2016-12-15,Lake Hoare,0.573056774052178,0.5023299009728253,2017,0.49767009902717474,0.5161972328670473,Dec,0.3150595890122201,0.3427179377162213
2016-12-24,Lake Hoare,0.3120713000326622,0.33756101086623685,2017,0.6624389891337632,0.5176183688610592,Dec,0.41877046208277824,0.40880249262641366
2017-01-02,Lake Hoare,0.02403424404262029,0.02665968372014305,2017,0.973340316279857,0.5528378981671878,Jan,0.5723079214457873,0.5712812208023025
2017-01-11,Lake Hoare,0.00869360743080217,0.01152079181852435,2017,0.9884792081814756,0.5670490615419893,Jan,0.5948094906296203,0.59370389599152
2017-01-14,Lake Hoare,0.00260070771616017,0.00189963350474267,2017,0.9981003664952574,0.5316544358912331,Jan,0.5560907386069096,0.5563648996741608
2017-01-18,Lake Hoare,0.00393698697863483,0.00392062399103971,2017,0.9960793760089602,0.5979337553249909,Jan,0.6325339553892819,0.6325403542755474
2017-01-25,Lake Hoare,0.0281978109794798,0.03204400459181034,2017,0.9679559954081897,0.5667656811341744,Jan,0.5868531341128516,0.585349047201027
2017-01-27,Lake Hoare,0.03035257798538201,0.0340896304880612,2017,0.9659103695119388,0.5564003906794043,Jan,0.5739739693198712,0.5725125629725512
2017-01-30,Lake Hoare,0.03963169849912358,0.04071325997456985,2017,0.9592867400254301,0.5608887811185129,Jan,0.5755573601670232,0.5751344063005468
2017-11-07,Lake Hoare,0.6113258961279218,0.4241501243042767,2018,0.5758498756957233,0.43613050345506443,Nov,0.2071179359730655,0.28031462261621143
2017-11-18,Lake Hoare,0.2629139435557599,0.0753198379601654,2018,0.9246801620398346,0.5513337685307801,Nov,0.4771453255696586,0.5505056052126853
2017-11-21,Lake Hoare,0.256922987575529,0.07162820796015455,2018,0.9283717920398454,0.5299940450529524,Nov,0.45470773381734525,0.5271688423677415
2017-11-25,Lake Hoare,0.2843363860021855,0.08467954492215868,2018,0.9153204550778413,0.4796691026863636,Nov,0.38554847017893795,0.4636259857158551
2017-11-27,Lake Hoare,0.25872349597608885,0.06682028395355298,2018,0.933179716046447,0.4688391637482099,Nov,0.3829885197046828,0.4580339122753697
2017-11-30,Lake Hoare,0.2689430930942763,0.08130807774312115,2018,0.9186919222568788,0.49052916914724665,Nov,0.40417922434493353,0.4775555020978077
2017-12-02,Lake Hoare,0.25214451144012057,0.08794748027793318,2018,0.9120525197220668,0.4705746200110688,Dec,0.3875765582033676,0.4517872117543912
2017-12-07,Lake Hoare,1.895167927325862e-6,0,2018,1,0.6454856299213915,Dec,0.6892916466119638,0.6892923877335928
2017-12-16,Lake Hoare,0.01157989507839885,0.0103965649880531,2018,0.9896034350119469,0.6707600221637912,Dec,0.7141134470646042,0.7145761984184495
2017-12-23,Lake Hoare,0.00753166391573447,0.00322469260873574,2018,0.9967753073912643,0.7161963021495198,Dec,0.7684586826131453,0.7701429605838884
2018-01-03,Lake Hoare,0.0187065421226457,0.02587271179947862,2018,0.9741272882005214,0.5850728887739598,Jan,0.6118237226930419,0.6090213307426511
2018-01-05,Lake Hoare,0.02669702247878509,0.02728442231824388,2018,0.9727155776817561,0.5640483808847482,Jan,0.5842846096348739,0.5840549019031297
2018-01-10,Lake Hoare,0.07952597367297708,0.01691280511157056,2018,0.9830871948884294,0.6376856284203546,Jan,0.649135450769893,0.6736208659188251
2018-01-12,Lake Hoare,0.07381253527592964,0.01236949573461956,2018,0.9876305042653805,0.6398274752767694,Jan,0.6538569245051982,0.6778847506917258
2018-01-14,Lake Hoare,0.07632587739500706,0.01002652467617653,2018,0.9899734753238235,0.5991505744973286,Jan,0.605638672034867,0.6315656010295876
2018-01-19,Lake Hoare,0.08498374739491665,0.01038956564489605,2018,0.989610434355104,0.6051758519755114,Jan,0.6092496932527727,0.6384203860927762
2018-01-26,Lake Hoare,0.1910189362996962,0.11818859490909074,2018,0.8818114050909093,0.6541920863842005,Jan,0.6247030295159025,0.6531839574957494
2018-01-30,Lake Hoare,0.17413898856174656,0.11069890072471215,2018,0.8893010992752879,0.6072909318460714,Jan,0.5768408756267884,0.6016496646317897
2018-11-05,Lake Hoare,0.6347863479649148,0.6389337464382774,2019,0.3610662535617226,0.41868672907452453,Nov,0.17768722670811926,0.17606535105892995
2018-11-08,Lake Hoare,0.5720856352950014,0.40044007030196654,2019,0.5995599296980334,0.42566278264326535,Nov,0.21030770531903747,0.2774311717381768
2018-11-12,Lake Hoare,0.39487328203623046,0.04065450638199421,2019,0.9593454936180058,0.4381463900208473,Nov,0.29410449765683183,0.43262477980697406
2018-11-17,Lake Hoare,0.14118279471925832,0.03694666239212359,2019,0.9630533376078764,0.5059486953354122,Nov,0.4720466555177342,0.5128090866834059
2018-11-19,Lake Hoare,0.37741228491306394,0.2648701513732286,2019,0.7351298486267714,0.42826823012640813,Nov,0.28946191764603624,0.33347248163413556
2018-11-24,Lake Hoare,0.34807698043426727,0.22275665234354208,2019,0.777243347656458,0.41655497610468994,Nov,0.28733191392998064,0.3363395001998307
2018-11-26,Lake Hoare,0.3785179410057097,0.27669331397777214,2019,0.7233066860222279,0.4116030212166725,Nov,0.2696773389489283,0.3094967303397196
2018-11-28,Lake Hoare,0.3571975395555903,0.2934779895651609,2019,0.7065220104348391,0.4344106405073364,Nov,0.3044998407467638,0.32941791581732455
2018-11-30,Lake Hoare,0.315169915331573,0.2818618082910552,2019,0.7181381917089448,0.441974035820505,Nov,0.3297179723214672,0.34274339249186325
2018-12-05,Lake Hoare,0.010122057378675,0.01826363727707217,2019,0.9817363627229279,0.567576668856528,Dec,0.5948635584597769,0.591679723998741
2018-12-30,Lake Hoare,0.2069082299214731,0.14777747589282522,2019,0.8522225241071748,0.6006119732288706,Dec,0.5562703515744873,0.5793939387323692
2019-01-01,Lake Hoare,0.2277043446187191,0.12988801822556476,2019,0.8701119817744353,0.5198907929428872,Jan,0.45440169711343414,0.49265360825463317
2019-01-04,Lake Hoare,0.2548537883121753,0.15381377039099098,2019,0.846186229609009,0.5148619225111184,Jan,0.43794498104014773,0.47745754432832277
2019-01-06,Lake Hoare,0.24582105732640563,0.14859740491396278,2019,0.8514025950860372,0.5249321050191885,Jan,0.4531711431836969,0.49119128409510054
2019-01-11,Lake Hoare,0.4635246787710888,0.3126452411700012,2019,0.6873547588299989,0.4348137561956908,Jan,0.2633878149789206,0.3223905096513183
2019-01-15,Lake Hoare,0.2674009917444754,0.17537745001508778,2019,0.8246225499849122,0.5421046306872928,Jan,0.4646734409858079,0.5006600341336906
2019-01-24,Lake Hoare,0.2183665124785791,0.15803641274123265,2019,0.8419635872587674,0.56879253295444,Jan,0.5148396853845503,0.5384322869408296
2019-11-06,Lake Hoare,0.7098507108920958,0.614687142515541,2020,0.385312857484459,0.3330591592512675,Nov,0.04889904463380618,0.08611357206134762
2019-11-08,Lake Hoare,0.6850834060006026,0.5907977956130093,2020,0.40920220438699073,0.33219052996211407,Nov,0.057575829452287064,0.09444702389833337
2019-11-11,Lake Hoare,0.6595374084391245,0.5670348497709834,2020,0.4329651502290166,0.3459052390500203,Nov,0.0834917928754697,0.11966570969468598
2019-11-15,Lake Hoare,0.31612564559389905,0.219725623894903,2020,0.780274376105097,0.48118152294382954,Nov,0.37487328168695816,0.4125713347626635
2019-11-17,Lake Hoare,0.3448189409913086,0.2517352112029728,2020,0.7482647887970272,0.4681516440222727,Nov,0.34852178840057507,0.384922977157588
2019-11-24,Lake Hoare,0.6809405970573426,0.6112626770833381,2020,0.38873732291666185,0.3538804853322522,Nov,0.08438301774133922,0.11163116436091752
2019-11-27,Lake Hoare,0.4953904350210981,0.4679409689024875,2020,0.5320590310975125,0.3980115424066582,Nov,0.20819046704843397,0.21892481557244403
2019-12-03,Lake Hoare,0.44256500425862105,0.4458199799957132,2020,0.5541800200042868,0.41786620803427377,Dec,0.2519042107006103,0.2506313245960804
2019-12-17,Lake Hoare,0.10824091329920056,0.10397308401292309,2020,0.896026915987077,0.6478734127927146,Dec,0.6497366266826619,0.6514055978313873
2019-12-24,Lake Hoare,0.19749870184990692,0.1949387640881359,2020,0.8050612359118641,0.516514850242826,Dec,0.4622936136150597,0.463294699174097
2019-12-26,Lake Hoare,0.17201587359192383,0.17455708966555453,2020,0.8254429103344455,0.50292804774722,Dec,0.4564814384680901,0.45548767418534236
2019-12-31,Lake Hoare,0.2937440399394836,0.33323188619057936,2020,0.6667681138094206,0.4299496203260934,Dec,0.3241335875127094,0.3086915274635195
2020-01-02,Lake Hoare,0.28828719874980246,0.2956868376498832,2020,0.7043131623501169,0.4799320890049406,Jan,0.38430885963862155,0.3814151675514215
2020-01-11,Lake Hoare,0.16278427262134068,0.1869534879250634,2020,0.8130465120749366,0.5929742075702888,Jan,0.5646561715292427,0.5552045931451335
2020-01-20,Lake Hoare,0.18991115658155008,0.22452684049319505,2020,0.775473159506805,0.5534229369821565,Jan,0.5081197027084593,0.49458294341780634
2020-10-30,Lake Hoare,0.3931255274702136,0.3338087971945454,2021,0.6661912028054546,0.4927747551126768,Oct,0.35822427127468814,0.3814205860347784
2020-11-15,Lake Hoare,0.4612387623292643,0.4138600436368383,2021,0.5861399563631617,0.4603890597870286,Nov,0.2939806469139305,0.3125085001285589
2020-11-17,Lake Hoare,0.45511222725961265,0.4119370143888588,2021,0.5880629856111412,0.46731470222741167,Nov,0.3044187703460592,0.3213028066530086
2020-11-19,Lake Hoare,0.45787903622156234,0.4092474527152858,2021,0.5907525472847142,0.4532562676792177,Nov,0.28701165788165395,0.30602945459854314
2020-11-24,Lake Hoare,0.44978299921605647,0.4071411693230608,2021,0.5928588306769391,0.45907909083086373,Nov,0.2969393409548892,0.3136147932859138
2020-11-26,Lake Hoare,0.43260422727683695,0.4028640307654115,2021,0.5971359692345886,0.45335795892865066,Nov,0.2970136754233327,0.30864383366199316
2020-11-29,Lake Hoare,0.41811143726110456,0.40546733017702746,2021,0.5945326698229725,0.45572244130925044,Nov,0.30542692158274165,0.31037150781363254
2020-12-01,Lake Hoare,0.39880472045119214,0.3688464525498842,2021,0.6311535474501158,0.4594826530790169,Dec,0.3173434630138574,0.329058899934879
2020-12-03,Lake Hoare,0.3406728478175838,0.3040058713658412,2021,0.6959941286341589,0.49677865274700544,Dec,0.3833858012420686,0.3977247360269539
2020-12-08,Lake Hoare,0.2322202611919606,0.25628138731296796,2021,0.7437186126870321,0.5004225567533266,Dec,0.4300285371080537,0.4206192279234229
2020-12-10,Lake Hoare,0.24678172865047732,0.3191501774958202,2021,0.6808498225041798,0.5067709181832787,Dec,0.431706082018353,0.4034057810692857
2020-12-15,Lake Hoare,0.49339166279246166,0.6050167368318802,2021,0.3949832631681198,0.43091184353368395,Dec,0.24717704287066422,0.2035251028445827
2020-12-21,Lake Hoare,0.40261960654246914,0.5969385822912804,2021,0.4030614177087196,0.44680484674320925,Dec,0.3011297230486434,0.22513962540874138
2020-12-24,Lake Hoare,0.4840218817170074,0.6659226677471534,2021,0.33407733225284664,0.4290451665702682,Dec,0.2486735276861435,0.17753966935892718
2021-01-13,Lake Hoare,0.5361977866655443,0.665308137585346,2021,0.334691862414654,0.41411055594482676,Jan,0.2109271203990567,0.16043741328264932
2021-01-16,Lake Hoare,0.5276946063376055,0.7176418277554046,2021,0.28235817224459536,0.4101519570654671,Jan,0.2096555033251588,0.13537501761168386
2021-01-18,Lake Hoare,0.7434965019691281,0.8590693832340097,2021,0.14093061676599028,0.4171331787369395,Jan,0.13337115606831562,0.0881753922578073
2021-01-22,Lake Hoare,0.6429492816692446,0.8264002419055853,2021,0.17359975809441475,0.3451876737202374,Jan,0.08914546068859602,0.017405393478105935
2021-02-01,Lake Hoare,0.6117574144572746,0.7753280396748307,2021,0.22467196032516934,0.3571124860779351,Feb,0.11519080130609777,0.05122510915789824
2021-10-31,Lake Hoare,0.6979743738581494,0.7876958354075152,2022,0.2123041645924848,0.4041909963992618,Oct,0.1361440752014465,0.10105773019958558
2021-11-04,Lake Hoare,0.6968047809891584,0.7844609931895608,2022,0.21553900681043925,0.40114436271106635,Nov,0.1330636007466947,0.09878488916855743
2021-11-09,Lake Hoare,0.5628151729666605,0.57620350064191606,2022,0.42379649935808394,0.42979024240634583,Nov,0.21872594433758735,0.21349032427857262
2021-11-11,Lake Hoare,0.6965013754658582,0.7727424013883548,2022,0.22725759861164518,0.3986895557667985,Nov,0.1303316454886395,0.10051694014814849
2021-11-20,Lake Hoare,0.3704613940114998,0.4376679398959741,2022,0.5623320601040259,0.37402918334775326,Nov,0.2291959132955416,0.2029142186534114
2021-12-02,Lake Hoare,0.5280262180072506,0.4498313483887149,2022,0.5501686516112851,0.4321026628049428,Dec,0.23501572327967796,0.26559449591037043
2021-12-04,Lake Hoare,0.7893347463956694,0.6678391954952613,2022,0.3321608045047387,0.4140548185264104,Dec,0.11187102283431244,0.15938289726735883
2021-12-06,Lake Hoare,0.5175847067338665,0.4438974653419695,2022,0.5561025346580305,0.43124798407790643,Dec,0.23810648382630728,0.2669225098814443
2021-12-08,Lake Hoare,0.4109023356437683,0.3435431362542891,2022,0.6564568637457109,0.4625180258896927,Dec,0.3161373643518055,0.34247875545284145
2021-12-11,Lake Hoare,0.11524506874299176,0.0299403587835657,2022,0.9700596412164343,0.5135396738230382,Dec,0.4910047252643463,0.524363861776777
2021-12-18,Lake Hoare,0.1845444640237199,0.1486076029941888,2022,0.8513923970058113,0.46789598722485887,Dec,0.41090161628872113,0.42495503319246053
2021-12-20,Lake Hoare,0.1754309045258773,0.14733966602768778,2022,0.8526603339723122,0.4421626752204943,Dec,0.38458316223302064,0.39556848133568295
2021-12-22,Lake Hoare,0.15520435041776204,0.13159903874743337,2022,0.8684009612525666,0.45939312072708305,Dec,0.4125015034484036,0.42173256249313285
2021-12-24,Lake Hoare,0.15929305589411452,0.13866610785673156,2022,0.8613338921432685,0.4713652315955834,Dec,0.42480499895711166,0.4328713434267331
2022-01-05,Lake Hoare,0.21599056077803053,0.19327491252942192,2022,0.806725087470578,0.5420290175700347,Jan,0.4846901252708864,0.49357327382451394
2022-01-07,Lake Hoare,0.19448344622670513,0.19315201884373687,2022,0.8068479811562631,0.5340030719619869,Jan,0.48378066776374734,0.4843013338306732
2022-01-12,Lake Hoare,0.13851746546513424,0.1577138755106388,2022,0.8422861244893611,0.6088664305190112,Jan,0.592600499108721,0.585093578757416
2022-01-14,Lake Hoare,0.1317184037269979,0.13976891165165076,2022,0.8602310883483493,0.6032766239505086,Jan,0.5887682585215654,0.5856200385348772
2022-01-16,Lake Hoare,0.13278640568462236,0.14108769707661822,2022,0.8589123029233818,0.5739866652144682,Jan,0.5543381196762907,0.5510918286695365
2022-01-19,Lake Hoare,0.3319500987413453,0.3077779048143473,2022,0.6922220951856527,0.4791423012846268,Jan,0.3663169809843447,0.37576972418456434
2022-01-25,Lake Hoare,0.3932395685155217,0.372978087878765,2022,0.627021912121235,0.4239107298871015,Jan,0.27821244682583846,0.2861358721422954
2022-01-28,Lake Hoare,0.38437123239040377,0.3670149847753066,2022,0.6329850152246934,0.4285328929756312,Jan,0.28704789713246737,0.2938352062249075
2022-11-14,Lake Hoare,5.41679038487706e-4,0,2023,1,0.6009690665058641,Nov,0.6373864252756549,0.637598253497091
2022-11-16,Lake Hoare,0.00914112366777993,0.01581520964267346,2023,0.9841847903573265,0.5098832920693711,Nov,0.528251666821224,0.5256417084116817
2022-11-19,Lake Hoare,0.3831203185258115,0.31710715042917353,2023,0.6828928495708264,0.4196323406126275,Nov,0.27720145622879383,0.30301647027902856
2022-11-21,Lake Hoare,0.6070480696457188,0.5913763185192767,2023,0.40862368148072326,0.3373148635329816,Nov,0.09404276413607804,0.10017133646771698
2022-11-23,Lake Hoare,0.6416674074894044,0.6270538313048226,2023,0.3729461686951774,0.37143596921791167,Nov,0.12012715419902831,0.12584191816819412
2022-11-28,Lake Hoare,0.17110048581902845,0.150118621220266,2023,0.849881378779734,0.48445798556676645,Nov,0.435391349796845,0.4435964874236932
2022-12-05,Lake Hoare,0.19693058302853167,0.12913306295535618,2023,0.8708669370446438,0.4374679924557673,Dec,0.37072390515030584,0.397236705304026
2022-12-11,Lake Hoare,0.3381563076885735,0.3107485448507438,2023,0.6892514551492561,0.44197061335380444,Dec,0.3207249726846363,0.3314430127839738
2022-12-16,Lake Hoare,0.1054640857814584,0.10986023191782764,2023,0.8901397680821723,0.5348139490257173,Dec,0.5195340679068938,0.5178149173563381
2022-12-18,Lake Hoare,0.09925499069982878,0.11244574952450462,2023,0.8875542504754954,0.5401567599467383,Dec,0.5281664398152208,0.5230080807451976
2023-01-03,Lake Hoare,0.1746320489557778,0.1786881592264749,2023,0.8213118407735251,0.5209206587216199,Jan,0.47635198716672134,0.474765810550049
2023-01-10,Lake Hoare,0.21635035708183195,0.21084719257695336,2023,0.7891528074230466,0.5006111978034445,Jan,0.43645365520603346,0.43860571475885213
2023-01-22,Lake Hoare,0.10256769774652018,0.11949262045379869,2023,0.8805073795462013,0.5552540301726568,Jan,0.5444024365527518,0.5377838007549982
2023-01-24,Lake Hoare,0.21262964929385883,0.2117067289755757,2023,0.7882932710244244,0.4907032096345953,Jan,0.4264031799206276,0.4267640958056045
2023-11-17,Lake Hoare,0.31297226380011656,0.254650972643517,2024,0.745349027356483,0.4458435470325835,Nov,0.33507078962449754,0.35787782940224955
2023-11-19,Lake Hoare,0.321099690678643,0.2528342617521609,2024,0.7471657382478392,0.4379356678750291,Nov,0.3227095939448216,0.34940537385804454
2023-12-05,Lake Hoare,0.22441616926058308,0.15100043734773658,2024,0.8489995626522634,0.4652326033769438,Dec,0.39221663378413274,0.42092648373503855
2023-12-19,Lake Hoare,0.0389238795804035,0.01213089745283383,2024,0.9878691025471662,0.5582316774349885,Dec,0.5727486404328274,0.5832262652766822
2023-12-28,Lake Hoare,0.00126575645460767,5.901306893858582e-6,2024,0.9999940986931062,0.6419647004980369,Dec,0.6847087808965392,0.6852014580286514
2023-12-30,Lake Hoare,0.00297419027080683,1.7578036986515488e-5,2024,0.9999824219630135,0.5749330730396229,Dec,0.6062012975797794,0.6073575060842014
2024-01-04,Lake Hoare,0.07235003832624033,0.04856236183662904,2024,0.9514376381633709,0.5938200265069136,Jan,0.6010034458747875,0.6103058202420166
2024-01-22,Lake Hoare,0.00148469017553796,0,2024,1,0.7013824576099447,Jan,0.7536210677167732,0.7542016685097188
2024-11-12,Lake Hoare,0.08030944920534283,0.00832391135432922,2025,0.9916760886456708,0.5195526066142441,Nov,0.5116490183909295,0.5397995787203052
2024-11-14,Lake Hoare,0.07804483102707509,0.01107088685639473,2025,0.9889291131436053,0.5079084522022097,Nov,0.49901303203508424,0.5252037657873976
2024-11-21,Lake Hoare,0.04151561778763053,1.7613315347781672e-4,2025,0.9998238668465221,0.5357892141246156,Nov,0.545674174033016,0.5618403331105177
2024-12-21,Lake Hoare,0.00409458626703914,0,2025,1,0.587390799125369,Dec,0.6202294886630682,0.6218307116472275
