lake,sed.date,B2mean,B3mean,B4mean,B2max,B3max,B4max,B2min,B3min,B4min
Lake Hoare,2016-11-02,0.48387372096212916,0.44896517283964477,0.45926646245706,0.6416497826576233,0.5768789649009705,0.5756741762161255,0.32302942872047424,0.28273677825927734,0.2779361307621002
Lake Hoare,2016-11-04,0.46169544643903737,0.42552625557920276,0.43576135338852867,0.6153690814971924,0.5477747917175293,0.5438359975814819,0.3066062331199646,0.2642236351966858,0.2618410587310791
Lake Hoare,2016-11-06,0.4624297509607453,0.4260985973797389,0.4316726539959043,0.6302094459533691,0.5663880109786987,0.5464798808097839,0.3078594505786896,0.2634582221508026,0.2535358965396881
Lake Hoare,2016-11-08,0.43053489025907227,0.3937409051737729,0.3950612671648296,0.6053448915481567,0.5475074052810669,0.5240826606750488,0.292011559009552,0.24646829068660736,0.23413652181625366
Lake Hoare,2016-11-13,0.3493985246691928,0.29621002064305263,0.2786814249276915,0.5416935682296753,0.5275792479515076,0.5384471416473389,0.22289864718914032,0.16204844415187836,0.1341530680656433
Lake Hoare,2016-11-15,0.44549885189673244,0.41659308352426394,0.41753547046108536,0.5578452944755554,0.5313768982887268,0.5435912013053894,0.30280300974845886,0.2647961378097534,0.2585415244102478
Lake Hoare,2016-12-10,0.6681440066571204,0.6359034058131627,0.6756187478867953,0.7170196175575256,0.684077262878418,0.7294366955757141,0.5716556310653687,0.5433272123336792,0.571447491645813
Lake Hoare,2016-12-13,0.5563958646767091,0.5294569912272812,0.5470865753373043,0.673045814037323,0.6478633284568787,0.6873115301132202,0.41226285696029663,0.3778022229671478,0.37135395407676697
Lake Hoare,2016-12-15,0.5161972328670473,0.48573662775674925,0.4938714941776039,0.6458013653755188,0.6198039650917053,0.6503249406814575,0.38858410716056824,0.3500109016895294,0.3397011458873749
Lake Hoare,2016-12-17,0.46501619458798593,0.43028867489739553,0.430849498475358,0.5804803967475891,0.5513561964035034,0.5710663795471191,0.37197086215019226,0.31790485978126526,0.3034220039844513
Lake Hoare,2016-12-24,0.5176183688610592,0.49045468996835234,0.4998857697734497,0.613464891910553,0.5700865983963013,0.5855633020401001,0.3592401146888733,0.3181723356246948,0.29422932863235474
Lake Hoare,2017-01-02,0.5528378981671878,0.5318990049246174,0.5476380950902533,0.6174749732017517,0.5784935355186462,0.595863938331604,0.4284864366054535,0.4000762701034546,0.4102611541748047
Lake Hoare,2017-01-11,0.5670490615419893,0.5461183603877989,0.5688386963767893,0.6339698433876038,0.6022140383720398,0.6266536712646484,0.4180229604244232,0.384991854429245,0.3944565951824188
Lake Hoare,2017-01-14,0.5316544358912331,0.517397082066976,0.5294619649398646,0.594218373298645,0.5798574090003967,0.5905358791351318,0.3848482072353363,0.3557127118110657,0.35950976610183716
Lake Hoare,2017-01-18,0.5979337553249909,0.5775533907565494,0.6104612886505639,0.654917299747467,0.6322292685508728,0.6686036586761475,0.4244394600391388,0.3967001140117645,0.40933704376220703
Lake Hoare,2017-01-25,0.5667656811341744,0.5432820414636759,0.5689338298902016,0.6327638030052185,0.6070669293403625,0.634976327419281,0.406597375869751,0.37823930382728577,0.38488757610321045
Lake Hoare,2017-01-27,0.5564003906794043,0.5329465304295089,0.5590477427030169,0.6190004944801331,0.5943617224693298,0.6228743195533752,0.4054185450077057,0.37385714054107666,0.37931206822395325
Lake Hoare,2017-01-30,0.5608887811185129,0.5437488662916542,0.5685438802028262,0.6269659996032715,0.6086550951004028,0.6352689266204834,0.3969733417034149,0.3659096658229828,0.37077006697654724
Lake Hoare,2017-11-07,0.43613050345506443,0.3794970580395436,0.3854913969567958,0.629993200302124,0.5857603549957275,0.6399062275886536,0.2957437038421631,0.24450190365314484,0.23593555390834808
Lake Hoare,2017-11-18,0.5513337685307801,0.5277016663911359,0.5458617290394419,0.7540954351425171,0.7243035435676575,0.7726949453353882,0.3836302161216736,0.3564474582672119,0.3578145503997803
Lake Hoare,2017-11-21,0.5299940450529524,0.5084557802285123,0.5240377623012802,0.7561556100845337,0.7337667942047119,0.7824900150299072,0.33612242341041565,0.3014757037162781,0.29750895500183105
Lake Hoare,2017-11-25,0.4796691026863636,0.4606765833927081,0.46359595726400415,0.7497074007987976,0.7302417755126953,0.7748299837112427,0.28824475407600403,0.25516897439956665,0.24005252122879028
Lake Hoare,2017-11-27,0.4688391637482099,0.4477413611474053,0.45105517760619224,0.7142915725708008,0.6901462078094482,0.7306725382804871,0.2930763363838196,0.259389728307724,0.24279764294624329
Lake Hoare,2017-11-30,0.49052916914724665,0.46009510445514784,0.46576730761952045,0.6580712199211121,0.62569427490234375,0.6532402634620667,0.37553170323371887,0.33845964074134827,0.3331373929977417
Lake Hoare,2017-12-02,0.4705746200110688,0.44534070814815946,0.44932324531794393,0.7302411198616028,0.7045172452926636,0.7516299486160278,0.31476864218711853,0.280134379863739,0.2664986848831177
Lake Hoare,2017-12-07,0.6454856299213915,0.623036919774225,0.6603587878330442,0.7778335213661194,0.7527528405189514,0.8104751706123352,0.5449755787849426,0.5134627223014832,0.5368852615356445
Lake Hoare,2017-12-16,0.6707600221637912,0.6431466519532588,0.6821306835634996,0.7551847696304321,0.7263468503952026,0.7697902321815491,0.5455447435379028,0.5013979077339172,0.4339401125907898
Lake Hoare,2017-12-23,0.7161963021495198,0.68001988915189,0.726562149772708,0.7751877307891846,0.7374020218849182,0.7874431014060974,0.6113168597221375,0.5757703185081482,0.5852651000022888
Lake Hoare,2018-01-03,0.5850728887739598,0.5609645056194507,0.5853718909491229,0.6903882622718811,0.6640092730522156,0.7028853297233582,0.433188796043396,0.40011709928512573,0.3897800147533417
Lake Hoare,2018-01-05,0.5640483808847482,0.534598633171928,0.5560365971302826,0.650375485420227,0.6198559403419495,0.6499127149581909,0.4459289312362671,0.3987426459789276,0.37489625811576843
Lake Hoare,2018-01-10,0.6376856284203546,0.6114915618610463,0.6473712155082881,0.6969459056854248,0.6684260368347168,0.7100035548210144,0.474551260471344,0.43518006801605225,0.4518740177154541
Lake Hoare,2018-01-12,0.6398274752767694,0.6144240609551436,0.6515192864775258,0.7055702805519104,0.6714457869529724,0.7142202854156494,0.48523765802383423,0.4325481653213501,0.4548609256744385
Lake Hoare,2018-01-14,0.5991505744973286,0.5733479320902952,0.6052917164544132,0.6659361720085144,0.6350576877593994,0.6723924279212952,0.4497774839401245,0.4130041301250458,0.4234691262245178
Lake Hoare,2018-01-19,0.6051758519755114,0.5832535710760811,0.6164390859537877,0.6864910125732422,0.6541635990142822,0.6916366815567017,0.45013630390167236,0.4197807312011719,0.4350220561027527
Lake Hoare,2018-01-26,0.6541920863842005,0.6313573237533537,0.6737626957513342,0.7100316286087036,0.6842496991157532,0.7296244502067566,0.5433924794197083,0.5069865584373474,0.5351892113685608
Lake Hoare,2018-01-30,0.6072909318460714,0.5795560905447342,0.621335006300235,0.6592016220092773,0.6290302276611328,0.676245391368866,0.4842112064361572,0.45279425382614136,0.4804098606109619
Lake Hoare,2018-11-05,0.41868672907452453,0.3773805313062348,0.3722932334714288,0.5551352500915527,0.49986493587493896,0.520867645740509,0.3231959044933319,0.2737893760204315,0.25788623094558716
Lake Hoare,2018-11-08,0.42566278264326535,0.3843480645610182,0.3808102817243378,0.5420904159545898,0.4991287291049957,0.5145056843757629,0.3451867997646332,0.3020177185535431,0.2975441515445709
Lake Hoare,2018-11-12,0.4381463900208473,0.4115012001696249,0.4130624917854599,0.703131377696991,0.7019943594932556,0.755949854850769,0.28053393959999084,0.23502816259860992,0.2057899683713913
Lake Hoare,2018-11-17,0.5059486953354122,0.4775554286753571,0.4963313132874518,0.6405757069587708,0.6168830990791321,0.6621605753898621,0.3845828175544739,0.3541830778121948,0.3608171343803406
Lake Hoare,2018-11-19,0.42826823012640813,0.40700450389577236,0.3984413756520156,0.6333745121955872,0.6217004060745239,0.6551597714424133,0.29894065856933594,0.26907387375831604,0.25547391176223755
Lake Hoare,2018-11-24,0.41655497610468994,0.39622456495393843,0.39172849164113105,0.6037610173225403,0.5809228420257568,0.61463862657547,0.29877546429634094,0.2665121853351593,0.250912606716156
Lake Hoare,2018-11-26,0.4116030212166725,0.3922122645648134,0.38845598065113063,0.588107705116272,0.5624342560768127,0.5914987921714783,0.28886741399765015,0.25357678532600403,0.22795961797237396
Lake Hoare,2018-11-28,0.4344106405073364,0.410377510292018,0.407263170927763,0.6039642691612244,0.5606992244720459,0.5894877910614014,0.31990501284599304,0.2889840304851532,0.2736128270626068
Lake Hoare,2018-11-30,0.441974035820505,0.4172102684942668,0.41468128459465586,0.5826940536499023,0.5398921370506287,0.5664405822753906,0.3606436252593994,0.3263264298439026,0.31997472047805786
Lake Hoare,2018-12-05,0.567576668856528,0.5507651754723699,0.5621587463073282,0.6302406191825867,0.610451340675354,0.6294161081314087,0.4320636987686157,0.39991581439971924,0.32228773832321167
Lake Hoare,2018-12-30,0.6006119732288706,0.5770091945492981,0.6084797036327771,0.7394729852676392,0.7124136686325073,0.750974178314209,0.36830684542655945,0.33498886227607727,0.3403012454509735
Lake Hoare,2019-01-01,0.5198907929428872,0.49569724567684553,0.5181558042414637,0.6715791821479797,0.6349831819534302,0.6511480808258057,0.31605464220046997,0.2807241976261139,0.2850382328033447
Lake Hoare,2019-01-04,0.5148619225111184,0.49601372668907145,0.5152060793050184,0.6782007813453674,0.6456785798072815,0.659105658531189,0.2942545711994171,0.26404809951782227,0.25975051522254944
Lake Hoare,2019-01-06,0.5249321050191885,0.5072247529489882,0.5289675550372809,0.6864437460899353,0.657454788684845,0.6751080751419067,0.3004797101020813,0.26864615082740784,0.26783716678619385
Lake Hoare,2019-01-11,0.4348137561956908,0.3998541681208467,0.40642703072036673,0.5589380860328674,0.5109550952911377,0.5153492093086243,0.2908118963241577,0.24521073698997498,0.24317139387130737
Lake Hoare,2019-01-15,0.5421046306872928,0.5221105850732967,0.5473130681620748,0.6832342147827148,0.65572357177734375,0.6932849287986755,0.3142349123954773,0.2748925983905792,0.2752191722393036
Lake Hoare,2019-01-24,0.56879253295444,0.5419272318132372,0.57102711468735,0.6967085003852844,0.6576980352401733,0.6962580680847168,0.3888821303844452,0.35742008686065674,0.3709231913089752
Lake Hoare,2019-11-06,0.3330591592512675,0.29153040535247965,0.28319341720600655,0.5347790718078613,0.453857421875,0.45276716351509094,0.2530142664909363,0.20498517155647278,0.19174063205718994
Lake Hoare,2019-11-08,0.33219052996211407,0.2911219544608721,0.28513826976136475,0.5219684839248657,0.43780940771102905,0.44564592838287354,0.2563191056251526,0.21039995551109314,0.19800181686878204
Lake Hoare,2019-11-11,0.3459052390500203,0.30732202831180705,0.30156857122810893,0.5483541488647461,0.4501168131828308,0.45426100492477417,0.27336376905441284,0.2307538241147995,0.21877212822437286
Lake Hoare,2019-11-15,0.48118152294382954,0.4406663249903077,0.4628502002748467,0.5911645889282227,0.5432666540145874,0.5729077458381653,0.386761337518692,0.3457678258419037,0.3580593168735504
Lake Hoare,2019-11-17,0.4681516440222727,0.43105663396668115,0.4488061285958994,0.5841100215911865,0.5420949459075928,0.5695702433586121,0.37173399329185486,0.33356279134750366,0.3450767397880554
Lake Hoare,2019-11-24,0.3538804853322522,0.3203292473550611,0.3144889968828667,0.4799002408981323,0.4188748896121979,0.42651793360710144,0.2964259088039398,0.25578612089157104,0.23826047778129578
Lake Hoare,2019-11-27,0.3980115424066582,0.3704667365641002,0.37454557238809216,0.5373141169548035,0.4749290347099304,0.4979042410850525,0.31179800629615784,0.2770864963531494,0.27030786871910095
Lake Hoare,2019-12-03,0.41786620803427377,0.38779359655892287,0.3922645842418975,0.5211626887321472,0.48095816373825073,0.48918992280960083,0.3299274146556854,0.29096296429634094,0.2738407552242279
Lake Hoare,2019-12-17,0.6478734127927146,0.6154951159186011,0.653537288608167,0.7212145328521729,0.6907688975334167,0.7348057627677917,0.5509834885597229,0.5121128559112549,0.5362899899482727
Lake Hoare,2019-12-24,0.516514850242826,0.4895081805102777,0.5136459975834661,0.6328037977218628,0.5960721373558044,0.6142793893814087,0.40555039048194885,0.38084685802459717,0.39377909898757935
Lake Hoare,2019-12-26,0.50292804774722,0.4777038771684138,0.4998613020667694,0.5974228382110596,0.5813353657722473,0.6071043610572815,0.3890509307384491,0.3540189862251282,0.36910781264305115
Lake Hoare,2019-12-31,0.4299496203260934,0.39792748965672997,0.4029700676316783,0.511819064617157,0.49132874608039856,0.5070080161094666,0.3328998386859894,0.30132153630256653,0.3003830015659332
Lake Hoare,2020-01-02,0.4799320890049406,0.4558658449341787,0.47061844140091197,0.5892824530601501,0.5700814127922058,0.5996081233024597,0.34499430656433105,0.31063100695610046,0.31685447692871094
Lake Hoare,2020-01-11,0.5929742075702888,0.5646877019547376,0.6021969883433924,0.6951768398284912,0.6779369115829468,0.7337073087692261,0.4387107491493225,0.3981231451034546,0.41345375776290894
Lake Hoare,2020-01-20,0.5534229369821565,0.5216313508282971,0.5533633806161432,0.6531848311424255,0.6246933341026306,0.6716777682304382,0.4055466055870056,0.36845144629478455,0.38480523228645325
Lake Hoare,2020-10-30,0.4927747551126768,0.47382686887211445,0.4740171965786675,0.6481862664222717,0.6404234766960144,0.6708903312683105,0.3544735312461853,0.32835596799850464,0.3159419894218445
Lake Hoare,2020-11-15,0.4603890597870286,0.4421759285032749,0.43435130955888923,0.6301472187042236,0.6183628439903259,0.6436105370521545,0.31175559759140015,0.28427866101264954,0.2656307518482208
Lake Hoare,2020-11-17,0.46731470222741167,0.4463608549695287,0.4386941767828977,0.6611291170120239,0.634371280670166,0.6475416421890259,0.3204926550388336,0.2877981662750244,0.2685268819332123
Lake Hoare,2020-11-19,0.4532562676792177,0.42794592141005017,0.4231317150062763,0.6427481770515442,0.6177294850349426,0.6176134943962097,0.31591737270355225,0.28070443868637085,0.2655441462993622
Lake Hoare,2020-11-24,0.45907909083086373,0.4398727634259118,0.43253861492712226,0.6324155330657959,0.6036459803581238,0.6299464702606201,0.3500499129295349,0.3226197361946106,0.3065614402294159
Lake Hoare,2020-11-26,0.45335795892865066,0.43126865953907073,0.42522370837778856,0.6261565685272217,0.5860588550567627,0.5882877111434937,0.35028842091560364,0.31868162751197815,0.29918500781059265
Lake Hoare,2020-11-29,0.45572244130925044,0.4248038782119351,0.4232552951364309,0.6277285218238831,0.56922447681427,0.5635603666305542,0.3362060487270355,0.2956787049770355,0.27446258068084717
Lake Hoare,2020-12-01,0.4594826530790169,0.43896405891384055,0.4357719854670483,0.5943552851676941,0.5559658408164978,0.5541311502456665,0.34711992740631104,0.31548482179641724,0.2939739227294922
Lake Hoare,2020-12-03,0.49677865274700544,0.4673360501909816,0.4718599570477569,0.6202152967453003,0.5624158978462219,0.5657385587692261,0.41971978545188904,0.37629252672195435,0.32497867941856384
Lake Hoare,2020-12-08,0.5004225567533266,0.47046745240988347,0.4819482643932304,0.6094747185707092,0.575636625289917,0.5937497615814209,0.3575049340724945,0.3142242431640625,0.26631319522857666
Lake Hoare,2020-12-10,0.5067709181832787,0.48230069343175663,0.4934320821108034,0.6439998149871826,0.6184743642807007,0.6346775889396667,0.3680199980735779,0.3476009666919708,0.28414595127105713
Lake Hoare,2020-12-15,0.43091184353368395,0.39520152363201116,0.3926326806013216,0.572265088558197,0.5617857575416565,0.580403745174408,0.3034657835960388,0.2727395296096802,0.2663705050945282
Lake Hoare,2020-12-21,0.44680484674320925,0.42678771215497247,0.42855309522491974,0.5918101668357849,0.5901095271110535,0.610572099685669,0.2877272367477417,0.26069870591163635,0.2575501799583435
Lake Hoare,2020-12-24,0.4290451665702682,0.4017252981562742,0.40783667668150175,0.6029403209686279,0.58133697509765625,0.6065866351127625,0.26460039615631104,0.23119817674160004,0.22783653438091278
Lake Hoare,2021-01-13,0.41411055594482676,0.37519606072830675,0.37776427713516575,0.5104495882987976,0.4734932482242584,0.4836486279964447,0.34141969680786133,0.3020378649234772,0.30309829115867615
Lake Hoare,2021-01-16,0.4101519570654671,0.38202397235287916,0.3889733199780219,0.5902650952339172,0.5827439427375793,0.6148198843002319,0.2487046718597412,0.2105582058429718,0.20362341403961182
Lake Hoare,2021-01-18,0.4171331787369395,0.37806050021876425,0.37932404275708553,0.5255101919174194,0.493622362613678,0.5037150382995605,0.32543644309043884,0.28534653782844543,0.2833518385887146
Lake Hoare,2021-01-22,0.3451876737202374,0.3112524120924657,0.3080485512146214,0.5261407494544983,0.5124916434288025,0.5221514105796814,0.21183384954929352,0.1734899878501892,0.162533700466156
Lake Hoare,2021-02-01,0.3571124860779351,0.3242720080627091,0.32434334333410997,0.5498937964439392,0.5187802910804749,0.5385390520095825,0.22819146513938904,0.18943344056606293,0.18272952735424042
Lake Hoare,2021-10-31,0.4041909963992618,0.38063428120925125,0.3699632651053819,0.6383376717567444,0.617829442024231,0.589501142501831,0.30952900648117065,0.28333979845046997,0.2665500044822693
Lake Hoare,2021-11-04,0.40114436271106635,0.3766454296474089,0.365170117867673,0.6404768228530884,0.6281290650367737,0.6034896969795227,0.3124054968357086,0.28799909353256226,0.26689237356185913
Lake Hoare,2021-11-09,0.42979024240634583,0.4083528090643403,0.4028092571252945,0.6620906591415405,0.6498394012451172,0.6363382339477539,0.32094255089759827,0.29483771324157715,0.2786276936531067
Lake Hoare,2021-11-11,0.3986895557667985,0.3755498902259657,0.3620506595545167,0.6505882740020752,0.640464723110199,0.6184841394424438,0.3110475242137909,0.28075075149536133,0.26245036721229553
Lake Hoare,2021-11-20,0.37402918334775326,0.3461481732310065,0.33451367352132827,0.6495592594146729,0.6232931017875671,0.606256902217865,0.28599807620048523,0.25912198424339294,0.25515779852867126
Lake Hoare,2021-12-02,0.4321026628049428,0.4039020531579552,0.40098155124875523,0.6328992247581482,0.6117193698883057,0.611251175403595,0.3182583153247833,0.2910120189189911,0.27427181601524353
Lake Hoare,2021-12-04,0.4140548185264104,0.3870230327616602,0.3776793487920057,0.5472311973571777,0.5276800990104675,0.5167940855026245,0.3563551604747772,0.3270246982574463,0.30826330184936523
Lake Hoare,2021-12-06,0.43124798407790643,0.4085899738957418,0.3971368686964848,0.6265251636505127,0.6040118932723999,0.5922173261642456,0.33067089319229126,0.31145036220550537,0.3030591905117035
Lake Hoare,2021-12-08,0.4625180258896927,0.4438193816716639,0.4383575159731327,0.62312912940979,0.6101552844047546,0.6039277911186218,0.3417765498161316,0.32191038131713867,0.31365394592285156
Lake Hoare,2021-12-11,0.5135396738230382,0.4879084334477482,0.5022930646652743,0.6215603947639465,0.5936726331710815,0.6107643246650696,0.37278181314468384,0.3475012183189392,0.36327388882637024
Lake Hoare,2021-12-18,0.46789598722485887,0.4404140698579734,0.4516112393630831,0.606083869934082,0.561655580997467,0.5786014795303345,0.2749018371105194,0.25285568833351135,0.25575101375579834
Lake Hoare,2021-12-20,0.4421626752204943,0.41428413220850013,0.4251636770747652,0.5849454402923584,0.5545356273651123,0.5608265995979309,0.2540477216243744,0.2247614711523056,0.22898516058921814
Lake Hoare,2021-12-22,0.45939312072708305,0.4314359993542601,0.44407679713112397,0.6073493361473083,0.5782929062843323,0.5894679427146912,0.2605932950973511,0.23560525476932526,0.23445741832256317
Lake Hoare,2021-12-24,0.4713652315955834,0.4474014633728954,0.4567422981455222,0.6215667128562927,0.5814505219459534,0.5933446884155273,0.27262675762176514,0.24048589169979095,0.23979730904102325
Lake Hoare,2022-01-05,0.5420290175700347,0.5128687415146987,0.5351555197680956,0.6163985729217529,0.5902115702629089,0.6188973784446716,0.426991730928421,0.39315542578697205,0.4015299081802368
Lake Hoare,2022-01-07,0.5340030719619869,0.5078891697245956,0.5267763818370416,0.6870329976081848,0.6583541631698608,0.6847195625305176,0.3272024095058441,0.29925382137298584,0.30318474769592285
Lake Hoare,2022-01-12,0.6088664305190112,0.5869280035613768,0.6195416516255612,0.7070698738098145,0.6898748874664307,0.7386305332183838,0.49130678176879883,0.462975412607193,0.48178526759147644
Lake Hoare,2022-01-14,0.6032766239505086,0.5748470670624868,0.6044274640563351,0.7116367220878601,0.6874904036521912,0.7306773662567139,0.47605422139167786,0.4392268657684326,0.4568430185317993
Lake Hoare,2022-01-16,0.5739866652144682,0.5421568368805335,0.5691434265233126,0.6837840676307678,0.6542980074882507,0.6944126486778259,0.4255359172821045,0.39609965682029724,0.41362443566322327
Lake Hoare,2022-01-19,0.4791423012846268,0.44359430248205295,0.45363715918572156,0.595038890838623,0.5492177605628967,0.5597689747810364,0.3195224106311798,0.292086660861969,0.2948186993598938
Lake Hoare,2022-01-25,0.4239107298871015,0.393749192994613,0.399048460072419,0.5767483711242676,0.5320928692817688,0.5316244959831238,0.2490660846233368,0.213069349527359,0.21105840802192688
Lake Hoare,2022-01-28,0.4285328929756312,0.40248622165230297,0.41108926619409314,0.5796281099319458,0.5424922108650208,0.5443993210792542,0.26254934072494507,0.23362194001674652,0.23407429456710815
Lake Hoare,2022-11-14,0.6009690665058641,0.5811847851880445,0.5992010884336977,0.6862663626670837,0.6621700525283813,0.6787806749343872,0.5405816435813904,0.5188328623771667,0.5287330746650696
Lake Hoare,2022-11-16,0.5098832920693711,0.47474998833249077,0.4780651202687881,0.5554001331329346,0.5228259563446045,0.5223410725593567,0.4620833992958069,0.42550554871559143,0.42288920283317566
Lake Hoare,2022-11-19,0.4196323406126275,0.3934436523974342,0.3736701235550162,0.5637288093566895,0.5296827554702759,0.5133997201919556,0.3181098699569702,0.28176769614219666,0.23528659343719482
Lake Hoare,2022-11-21,0.3373148635329816,0.3073943737369256,0.27199066151558554,0.5416256189346313,0.4870367646217346,0.4060310125350952,0.2810095548629761,0.250031977891922,0.2072465717792511
Lake Hoare,2022-11-23,0.37143596921791167,0.33399534993023683,0.3064748047782271,0.5304418802261353,0.47163134813308716,0.40742671489715576,0.33060306310653687,0.2996133863925934,0.2752859592437744
Lake Hoare,2022-11-28,0.48445798556676645,0.44520014941992375,0.4522810638350928,0.6046906113624573,0.5551869869232178,0.5517606735229492,0.37605246901512146,0.34084245562553406,0.3446841537952423
Lake Hoare,2022-12-05,0.4374679924557673,0.4005751454540147,0.3969658367185785,0.5346341133117676,0.47411805391311646,0.4696119725704193,0.31999486684799194,0.2760273814201355,0.26867350935935974
Lake Hoare,2022-12-11,0.44197061335380444,0.4078406664049065,0.4063912556825468,0.5016295313835144,0.4576643109321594,0.4417007863521576,0.3643621802330017,0.32989516854286194,0.3163077235221863
Lake Hoare,2022-12-16,0.5348139490257173,0.504703994640368,0.5222481324918719,0.6158068180084229,0.5776489973068237,0.5863782167434692,0.43703389167785645,0.40859782695770264,0.42116400599479675
Lake Hoare,2022-12-18,0.5401567599467383,0.5126088043087281,0.5309959542531295,0.6116331219673157,0.5828524827957153,0.59812164306640625,0.43856504559516907,0.39700189232826233,0.41139546036720276
Lake Hoare,2023-01-01,0.47568667817535815,0.44495581527984385,0.4506824501608842,0.5861507654190063,0.54850172996521,0.5528538823127747,0.40133750438690186,0.3732258379459381,0.3706625998020172
Lake Hoare,2023-01-03,0.5209206587216199,0.4972694527682842,0.5059711438597448,0.5968249440193176,0.5767974853515625,0.5805594325065613,0.413195937871933,0.38535797595977783,0.3883574604988098
Lake Hoare,2023-01-10,0.5006111978034445,0.47296069719947426,0.4803967849420221,0.5863064527511597,0.5546838641166687,0.5635979175567627,0.3932991027832031,0.3671151101589203,0.36931756138801575
Lake Hoare,2023-01-15,0.5288489107917619,0.5074592914007254,0.5242300534358361,0.6505317091941833,0.6376143097877502,0.6697372794151306,0.3349992334842682,0.28379321098327637,0.2583671808242798
Lake Hoare,2023-01-22,0.5552540301726568,0.5209998112646925,0.5411696863054429,0.6289994120597839,0.5841426849365234,0.608964741230011,0.47172224521636963,0.4528193771839142,0.46082913875579834
Lake Hoare,2023-01-24,0.4907032096345953,0.45982008712403727,0.47201300374913535,0.5728698968887329,0.5379851460456848,0.5525864362716675,0.3971179127693176,0.36917468905448914,0.3813539445400238
Lake Hoare,2023-11-17,0.4458435470325835,0.41433002107195405,0.38126747187652044,0.5927621722221375,0.5474826693534851,0.4847610592842102,0.3187413811683655,0.28846293687820435,0.2679273188114166
Lake Hoare,2023-11-19,0.4379356678750291,0.40608745625855136,0.3739092280000648,0.5870745182037354,0.5265817046165466,0.4592737853527069,0.31911665201187134,0.289300799369812,0.2684459984302521
Lake Hoare,2023-12-05,0.4652326033769438,0.4468110103735188,0.42792853750538506,0.5670732855796814,0.5463573932647705,0.5268877744674683,0.34609508514404297,0.3234405219554901,0.3030482828617096
Lake Hoare,2023-12-19,0.5582316774349885,0.529022090061999,0.5409630427274528,0.6342710852622986,0.5943232774734497,0.6064054369926453,0.47178608179092407,0.4446238577365875,0.4542336165904999
Lake Hoare,2023-12-28,0.6419647004980369,0.6180518180531943,0.6446801548536192,0.6956751346588135,0.6653072237968445,0.6933342218399048,0.5590456128120422,0.5327094793319702,0.5534037947654724
Lake Hoare,2023-12-30,0.5749330730396229,0.5499009571269454,0.5687715830718911,0.6423567533493042,0.6088449358940125,0.6271783709526062,0.4897812306880951,0.46342942118644714,0.47644540667533875
Lake Hoare,2024-01-04,0.5938200265069136,0.5675492051163776,0.5920619414056707,0.6701194643974304,0.6346601843833923,0.6632040739059448,0.5029676556587219,0.4748636484146118,0.49283623695373535
Lake Hoare,2024-01-13,0.46387516302150367,0.40863834992801185,0.4015440399814772,0.7058160305023193,0.6852916479110718,0.7267754077911377,0.2920272648334503,0.21710574626922607,0.18567292392253876
Lake Hoare,2024-01-22,0.7013824576099447,0.6728845303190635,0.7198158891109012,0.745663046836853,0.7229458689689636,0.7756831049919128,0.6063553690910339,0.5714246034622192,0.6068914532661438
Lake Hoare,2024-11-12,0.5195526066142441,0.49079246036458335,0.468845846118943,0.6130669116973877,0.5863098502159119,0.5822523236274719,0.3419438302516937,0.3139190375804901,0.30184558033943176
Lake Hoare,2024-11-14,0.5079084522022097,0.47195061271222644,0.45429214157614134,0.6045653820037842,0.5652884840965271,0.5664827227592468,0.33803755044937134,0.3064360022544861,0.2941749095916748
Lake Hoare,2024-11-21,0.5357892141246156,0.5135178521225516,0.4980775878183394,0.6237185001373291,0.6050202250480652,0.6105210781097412,0.3691232204437256,0.34765344858169556,0.341222882270813
Lake Hoare,2024-12-21,0.587390799125369,0.5616544826618777,0.5818104588695421,0.6604682803153992,0.6257866621017456,0.6430773138999939,0.44921621680259705,0.4250182509422302,0.43872153759002686
