date,lake,sed_mean,sed_mean_bb
2016-11-02,West Lake Bonney,0.09757633052811981,0.06350133675100755
2016-11-02,East Lake Bonney,0.2614431904663134,0.3017204272526282
2016-11-04,West Lake Bonney,0.09968235448015794,0.06262242555920378
2016-11-04,East Lake Bonney,0.2510455640731902,0.2979226143271835
2016-11-06,West Lake Bonney,0.10639798765657348,0.06890372292596043
2016-11-06,East Lake Bonney,0.2587160511655142,0.29474043316311305
2016-11-08,West Lake Bonney,0.12414491298154592,0.08391559179333637
2016-11-08,East Lake Bonney,0.2761498097089667,0.30591038018465044
2016-11-15,West Lake Bonney,0.1302843469831905,0.09553024718365692
2016-11-15,East Lake Bonney,0.2727088488278239,0.3207817095849249
2016-12-10,West Lake Bonney,0.06777673675871627,0.06136820754713949
2016-12-10,East Lake Bonney,0.17908570402952734,0.22799469431241354
2016-12-13,West Lake Bonney,0.07952786153315303,0.04227178216887527
2016-12-13,East Lake Bonney,0.21780277848215093,0.3372032087158274
2016-12-15,West Lake Bonney,0.12217032661291331,0.04081555571238864
2016-12-15,East Lake Bonney,0.2683956438177356,0.4383843534522586
2016-12-17,West Lake Bonney,0.1231661023911821,0.039900914102553774
2016-12-17,East Lake Bonney,0.3342082334908804,0.5276426338487201
2016-12-24,West Lake Bonney,0.061229424372169224,0.038006327768749515
2016-12-24,East Lake Bonney,0.1625974257758657,0.19641223384274376
2017-01-02,West Lake Bonney,0.04894859737731636,0.03505513123075874
2017-01-02,East Lake Bonney,0.12570707120327196,0.12464868459436629
2017-01-11,West Lake Bonney,0.06306768715066528,0.04528871731390745
2017-01-11,East Lake Bonney,0.14675181969874687,0.1431396682229307
2017-01-14,West Lake Bonney,0.08010011203600272,0.06461531193129832
2017-01-14,East Lake Bonney,0.11022143857843791,0.08522484893657276
2017-01-18,West Lake Bonney,0.07617924558437242,0.06235964804646253
2017-01-18,East Lake Bonney,0.11018530119761977,0.09197431784813051
2017-01-25,West Lake Bonney,0.0856858289620954,0.0729189741784073
2017-01-25,East Lake Bonney,0.14841950414501665,0.1416245062870008
2017-01-27,West Lake Bonney,0.0856390563685551,0.06899321350299861
2017-01-27,East Lake Bonney,0.15835393194797703,0.15131632183436994
2017-01-30,West Lake Bonney,0.09988335624271467,0.08501335507894714
2017-01-30,East Lake Bonney,0.1644642813892943,0.14303274361623658
2017-11-07,West Lake Bonney,0.1775243559883942,0.14712860441155065
2017-11-07,East Lake Bonney,0.09686224532779568,0.020898087695638456
2017-11-18,West Lake Bonney,0.16931321857049803,0.14651780033574455
2017-11-18,East Lake Bonney,0.11337197710871479,0.027430952978762368
2017-11-21,West Lake Bonney,0.17577906989359274,0.15900374166047376
2017-11-21,East Lake Bonney,0.1387552960992161,0.03560369723795534
2017-11-25,West Lake Bonney,0.12906062086323616,0.11412595216629666
2017-11-25,East Lake Bonney,0.12433446616992294,0.0615733982787653
2017-11-27,West Lake Bonney,0.09569152981171425,0.0755945277735226
2017-11-27,East Lake Bonney,0.10249671838394907,0.048786105063077734
2017-11-30,West Lake Bonney,0.0982471162090453,0.05134680033848211
2017-11-30,East Lake Bonney,0.09776349238448462,0.04582273893810688
2017-12-02,West Lake Bonney,0.09256013438025139,0.04760886624576211
2017-12-02,East Lake Bonney,0.1743785867063927,0.10979188617371889
2017-12-07,West Lake Bonney,0.2255545883346103,0.03842543657680577
2017-12-07,East Lake Bonney,0.14053822085229126,0.09021463469991296
2017-12-16,West Lake Bonney,0.054859580336293824,0.03553292745747777
2017-12-16,East Lake Bonney,0.09483212394870784,0.1143856737072821
2017-12-23,West Lake Bonney,0.050439583925765204,0.0451390899955851
2017-12-23,East Lake Bonney,0.10180310744808427,0.08006364003651673
2018-01-03,West Lake Bonney,0.04140835506581772,0.04122240541427169
2018-01-03,East Lake Bonney,0.02449015414944406,0.004670334647932948
2018-01-05,West Lake Bonney,0.04100785986234558,0.03833935216482757
2018-01-05,East Lake Bonney,0.0010375142047749203,0
2018-01-10,West Lake Bonney,0.024311699844073692,0.01887764733245563
2018-01-10,East Lake Bonney,0.13371896986110482,0.13677458349201416
2018-01-12,West Lake Bonney,0.04707011842815569,0.042467088447909786
2018-01-12,East Lake Bonney,0.10530357749379766,0.10413427675763766
2018-01-14,West Lake Bonney,0.047607575760931276,0.040197922011212715
2018-01-14,East Lake Bonney,0.05502086443212647,0.04797986110724095
2018-01-19,West Lake Bonney,0.055172528940363764,0.050720725013481786
2018-01-19,East Lake Bonney,0.05410085225660652,0.05148550784517149
2018-01-26,West Lake Bonney,0.06656813773081305,0.05799954869860867
2018-01-26,East Lake Bonney,0.05213379760728646,0.04451968738390456
2018-01-30,West Lake Bonney,0.07671550814285431,0.06869173060004502
2018-01-30,East Lake Bonney,0.05861831934494714,0.05749635011975274
2018-11-05,West Lake Bonney,0.1207091625815593,0.08633607497839292
2018-11-05,East Lake Bonney,0.11539688521607507,0.060383848704373966
2018-11-08,West Lake Bonney,0.1833770082188228,0.11101325760498199
2018-11-08,East Lake Bonney,0.1666108586005375,0.14506313379819472
2018-11-12,West Lake Bonney,0.20042064645419627,0.11864983122587315
2018-11-12,East Lake Bonney,0.18414162144789986,0.15628410839395926
2018-11-17,West Lake Bonney,0.20102249452490165,0.11603950532135873
2018-11-17,East Lake Bonney,0.19531840650864357,0.15922857632093063
2018-11-19,West Lake Bonney,0.200369172753059,0.11498467117867697
2018-11-19,East Lake Bonney,0.19628119117955342,0.17008070261117272
2018-11-24,West Lake Bonney,0.13204575849335448,0.06669382632408902
2018-11-24,East Lake Bonney,0.13870647785160675,0.11014771752142459
2018-11-26,West Lake Bonney,0.1449838471955227,0.08264729968765612
2018-11-26,East Lake Bonney,0.17634582660995224,0.14072092835844227
2018-11-28,West Lake Bonney,0.16167109283146722,0.10113577429316382
2018-11-28,East Lake Bonney,0.22852904850762454,0.19614682053043334
2018-11-30,West Lake Bonney,0.15736290407223746,0.09898130055482207
2018-11-30,East Lake Bonney,0.2266626121746205,0.19908920842464323
2018-12-05,West Lake Bonney,0.13283971596262134,0.08761425842537542
2018-12-05,East Lake Bonney,0.18786007724610002,0.19831133109551888
2018-12-30,West Lake Bonney,0.08449382958081579,0.051059578151403884
2018-12-30,East Lake Bonney,0.10591063890965491,0.07893667883343167
2019-01-01,West Lake Bonney,0.09326426814433181,0.058981559208486536
2019-01-01,East Lake Bonney,0.0912888210221051,0.06746843117806646
2019-01-04,West Lake Bonney,0.09556293692301122,0.05890128058045273
2019-01-04,East Lake Bonney,0.12741890647837173,0.12037256506306154
2019-01-06,West Lake Bonney,0.09886491715497299,0.0629340868787284
2019-01-06,East Lake Bonney,0.09304190134071565,0.08831777486398264
2019-01-11,West Lake Bonney,0.0866768414780364,0.042164957981144856
2019-01-11,East Lake Bonney,0.20709146405814635,0.24898717568980322
2019-01-15,West Lake Bonney,0.10223253428101886,0.06808572962060015
2019-01-15,East Lake Bonney,0.10300252825154037,0.0921553263992623
2019-01-24,West Lake Bonney,0.11849627155363654,0.08021341185580674
2019-01-24,East Lake Bonney,0.09720731582679498,0.07891099309859716
2019-11-06,West Lake Bonney,0.13037156637890238,0.035836104023202545
2019-11-06,East Lake Bonney,0.10915107030084292,0.07366888237674074
2019-11-08,West Lake Bonney,0.11838418774764778,0.03243571059476326
2019-11-08,East Lake Bonney,0.10950761687586993,0.0800453925539235
2019-11-11,West Lake Bonney,0.13033561063582128,0.03701171465000874
2019-11-11,East Lake Bonney,0.10902499295123048,0.07513873456913711
2019-11-15,West Lake Bonney,0.12742790001558862,0.04247424523326579
2019-11-15,East Lake Bonney,0.10015441045994479,0.0645935835434001
2019-11-17,West Lake Bonney,0.1797294362935209,0.08404009589845482
2019-11-17,East Lake Bonney,0.11106276317444276,0.06441860271823113
2019-11-24,West Lake Bonney,0.14404630497037704,0.05732716222635971
2019-11-24,East Lake Bonney,0.17935449332526557,0.1468704126637291
2019-11-27,West Lake Bonney,0.15757960401223522,0.05375431239068049
2019-11-27,East Lake Bonney,0.19920208107240533,0.20105654928419325
2019-12-03,West Lake Bonney,0.170413374928474,0.06807701447596357
2019-12-03,East Lake Bonney,0.1805283613820523,0.1780348766181204
2019-12-17,West Lake Bonney,0.07813128897702953,0.059524634611487055
2019-12-17,East Lake Bonney,0.03696700029292227,0.011997378148409628
2019-12-24,West Lake Bonney,0.0661812183398102,0.049324349774553355
2019-12-24,East Lake Bonney,0.06201063431805467,0.043628396191060244
2019-12-26,West Lake Bonney,0.07156597610770057,0.052085405261455456
2019-12-26,East Lake Bonney,0.08543220646462088,0.06514176246719554
2019-12-31,West Lake Bonney,0.06451316159775011,0.033119208085587
2019-12-31,East Lake Bonney,0.04830837074170161,0.0395563070711904
2020-01-02,West Lake Bonney,0.06511342877732883,0.03909850541268538
2020-01-02,East Lake Bonney,0.07405091496071056,0.06785200429559929
2020-01-11,West Lake Bonney,0.03597359867669187,0.020976042226490126
2020-01-11,East Lake Bonney,0.07495083827336778,0.06889656361124287
2020-01-20,West Lake Bonney,0.07986203953390777,0.05166482099629144
2020-01-20,East Lake Bonney,0.11390582676662117,0.11153912455036469
2020-10-30,West Lake Bonney,0.19025459653571164,0.08547007725157066
2020-10-30,East Lake Bonney,0.12613619787286903,0.12581513843378397
2020-11-15,West Lake Bonney,0.16472283950110211,0.06991995846408881
2020-11-15,East Lake Bonney,0.1333188688907123,0.16409242148055692
2020-11-17,West Lake Bonney,0.14782717442155244,0.07160031006179764
2020-11-17,East Lake Bonney,0.1318187682081893,0.15369041681294254
2020-11-19,West Lake Bonney,0.12170085712503433,0.0553202522389066
2020-11-19,East Lake Bonney,0.1142813420440233,0.12326827105048492
2020-11-24,West Lake Bonney,0.10856411298590167,0.036863277772423694
2020-11-24,East Lake Bonney,0.17154956043281328,0.18930390960088483
2020-11-26,West Lake Bonney,0.1162051982962692,0.05032257836634261
2020-11-26,East Lake Bonney,0.2138461616707522,0.23962240881390043
2020-11-29,West Lake Bonney,0.12784536658313989,0.05393388008196237
2020-11-29,East Lake Bonney,0.22224254750079667,0.25652421260321584
2020-12-01,West Lake Bonney,0.1439002698540473,0.05857737416074848
2020-12-01,East Lake Bonney,0.2036080441453121,0.23224761762000895
2020-12-03,West Lake Bonney,0.14204622144445259,0.04924893668126671
2020-12-03,East Lake Bonney,0.19321009169757608,0.2091030568988235
2020-12-08,West Lake Bonney,0.10618647677608081,0.0403651311913672
2020-12-08,East Lake Bonney,0.1133647299494499,0.08504626846837776
2020-12-10,West Lake Bonney,0.10384597143352396,0.045336565171951476
2020-12-10,East Lake Bonney,0.09303474337704373,0.061744357620065984
2020-12-15,West Lake Bonney,0.10270226907529802,0.049510014476879013
2020-12-15,East Lake Bonney,0.16449685194878474,0.12912973474573206
2020-12-21,West Lake Bonney,0.12840213345022475,0.07124355829046859
2020-12-21,East Lake Bonney,0.08357909731652576,0.09274920423825582
2020-12-24,West Lake Bonney,0.10452384561432318,0.047993079359013056
2020-12-24,East Lake Bonney,0.09010519908871951,0.13432148133439045
2021-01-13,West Lake Bonney,0.09016170243619323,0.04061837812500994
2021-01-13,East Lake Bonney,0.0462913742871742,0.07194163210396827
2021-01-16,West Lake Bonney,0.10291468277780147,0.05848936352076499
2021-01-16,East Lake Bonney,0.26301213191340006,0.2020285270832203
2021-01-18,West Lake Bonney,0.09339490972835458,0.05354157604866052
2021-01-18,East Lake Bonney,0.07083968710603752,0.0959540291338743
2021-01-22,West Lake Bonney,0.10333535825548062,0.05659939122008144
2021-01-22,East Lake Bonney,0.04966572896386895,0.0681896034142011
2021-02-01,West Lake Bonney,0.12377482409490509,0.0760848079702175
2021-02-01,East Lake Bonney,0.13720019393516297,0.1925771070892181
2021-10-31,West Lake Bonney,0.15440183727699827,0.11949187767958623
2021-10-31,East Lake Bonney,0.2068619586456788,0.23233998213653212
2021-11-04,West Lake Bonney,0.14892485722816418,0.11570573684746624
2021-11-04,East Lake Bonney,0.21161830316895075,0.24409998522864448
2021-11-09,West Lake Bonney,0.14277869469467763,0.10527756011706922
2021-11-09,East Lake Bonney,0.21669515531066927,0.30489470103272687
2021-11-11,West Lake Bonney,0.13270141545190914,0.09407824174917577
2021-11-11,East Lake Bonney,0.22313427361782717,0.2625128971343791
2021-11-20,West Lake Bonney,0.09793084223642853,0.06323165024644625
2021-11-20,East Lake Bonney,0.18588005305105998,0.24521678363283475
2021-12-02,West Lake Bonney,0.1362553636626513,0.0753616333814032
2021-12-02,East Lake Bonney,0.2648231757929262,0.36809210909737483
2021-12-04,West Lake Bonney,0.10494504801080735,0.06888387133124103
2021-12-04,East Lake Bonney,0.11535579880970662,0.24262052090079697
2021-12-06,West Lake Bonney,0.12389136005497059,0.05939995082784418
2021-12-06,East Lake Bonney,0.2775768628933067,0.38911954738475657
2021-12-08,West Lake Bonney,0.11563829991544562,0.0653196310966776
2021-12-08,East Lake Bonney,0.2521038683321028,0.3089808636241489
2021-12-11,West Lake Bonney,0.09491157678780753,0.07160166240733382
2021-12-11,East Lake Bonney,0.21707637166665403,0.15997920472312857
2021-12-18,West Lake Bonney,0.08812288113633653,0.09068160194103474
2021-12-18,East Lake Bonney,0.11633394910242627,0.1247624726715205
2021-12-20,West Lake Bonney,0.07853759844670627,0.08486541243093679
2021-12-20,East Lake Bonney,0.13542467207241807,0.16645570314703273
2021-12-22,West Lake Bonney,0.07864604673972628,0.08235651576663923
2021-12-22,East Lake Bonney,0.14246196578474982,0.19074135532816097
2021-12-24,West Lake Bonney,0.08157504184344,0.07927747483585905
2021-12-24,East Lake Bonney,0.07398246375134253,0.11606250987681926
2022-01-05,West Lake Bonney,0.039346890996049814,0.05197356265375335
2022-01-05,East Lake Bonney,0.26987691215900433,0.3627142415554435
2022-01-07,West Lake Bonney,0.03968294606010858,0.04674589360669714
2022-01-07,East Lake Bonney,0.18350912881505504,0.30048219075909366
2022-01-12,West Lake Bonney,0.052218667047775405,0.047847919793775194
2022-01-12,East Lake Bonney,0.16107352125319488,0.2784503862399746
2022-01-14,West Lake Bonney,0.06217994319214913,0.05376075330751695
2022-01-14,East Lake Bonney,0.16955025896508857,0.2904922136278064
2022-01-16,West Lake Bonney,0.07668972432482624,0.06814016808434033
2022-01-16,East Lake Bonney,0.17215601669393485,0.2842147795414483
2022-01-19,West Lake Bonney,0.010066305942470603,0.005469686541278291
2022-01-19,East Lake Bonney,0.0964051321702214,0.206223324668584
2022-01-25,West Lake Bonney,0.06347265405547456,0.04359676998439084
2022-01-25,East Lake Bonney,0.23018917323928487,0.4298187340299288
2022-01-28,West Lake Bonney,0.14046895868015818,0.045611088451062355
2022-01-28,East Lake Bonney,0.19335329608868346,0.36513340144797607
2022-11-14,West Lake Bonney,0.10967205424287373,0.059906537689822646
2022-11-14,East Lake Bonney,0.33211749837918275,0.5325448634447875
2022-11-16,West Lake Bonney,0.13325786615146154,0.06999861824697834
2022-11-16,East Lake Bonney,0.42634548538332295,0.5937708329271387
2022-11-19,West Lake Bonney,0.11244481176835122,0.060212639332470945
2022-11-19,East Lake Bonney,0.3375651143877003,0.5458080813840583
2022-11-21,West Lake Bonney,0.11268677128201363,0.06564150659459532
2022-11-21,East Lake Bonney,0.3378032919410528,0.5504091197693789
2022-11-23,West Lake Bonney,0.09811207318108493,0.05912532922772711
2022-11-23,East Lake Bonney,0.3288956967958181,0.5097346645814401
2022-11-28,West Lake Bonney,0.09531616863109213,0.04690338280043259
2022-11-28,East Lake Bonney,0.29752306416029084,0.39818862257180393
2022-12-05,West Lake Bonney,0.06055799954829799,0.03276776207441337
2022-12-05,East Lake Bonney,0.21388948821417147,0.29084339693740563
2022-12-11,West Lake Bonney,0.09259882397120836,0.0606085709652363
2022-12-11,East Lake Bonney,0.3586031637514263,0.421815824508667
2022-12-16,West Lake Bonney,0.06093188035406507,0.058777373235097366
2022-12-16,East Lake Bonney,0.18252873047677082,0.25630190515959705
2022-12-18,West Lake Bonney,0.06516692353553798,0.0640853700767108
2022-12-18,East Lake Bonney,0.21713662826564345,0.30524109497114466
2023-01-01,West Lake Bonney,0.05963879358424332,0.05223391403142702
2023-01-01,East Lake Bonney,0.28416302594906595,0.40781241953372954
2023-01-03,West Lake Bonney,0.051111581664856055,0.04111719217198426
2023-01-03,East Lake Bonney,0.19057274589748918,0.36740995546182
2023-01-10,West Lake Bonney,0.061576246486638,0.04953479969855101
2023-01-10,East Lake Bonney,0.2228398003512211,0.419015293540778
2023-01-22,West Lake Bonney,0.08442553930871419,0.06728163323193136
2023-01-22,East Lake Bonney,0.13461728520790522,0.34106779678000343
2023-01-24,West Lake Bonney,0.08389602924360466,0.06134283849332996
2023-01-24,East Lake Bonney,0.18203301868224997,0.36779877962889496
2023-11-17,West Lake Bonney,0.10797866695663905,0.041890343601546955
2023-11-17,East Lake Bonney,0.27023206601832855,0.4190677627938351
2023-11-19,West Lake Bonney,0.11359207401437572,0.042313263682247984
2023-11-19,East Lake Bonney,0.26290815179451704,0.457070931599096
2023-12-05,West Lake Bonney,0.07118723165549182,0.04075102656465041
2023-12-05,East Lake Bonney,0.20783327449365493,0.27377042494438314
2023-12-19,West Lake Bonney,0.04611499273102985,0.02289866226676249
2023-12-19,East Lake Bonney,0.1330914514986113,0.22160835045355337
2023-12-28,West Lake Bonney,0.04887838882026774,0.02408217464835616
2023-12-28,East Lake Bonney,0.11795550849171312,0.21721033201449447
2023-12-30,West Lake Bonney,0.04258584962658784,0.018887919871751854
2023-12-30,East Lake Bonney,0.14621630643173933,0.23827918516816915
2024-01-04,West Lake Bonney,0.04408211852556592,0.018785261269528487
2024-01-04,East Lake Bonney,0.15979342984193978,0.2637086181728928
2024-01-22,West Lake Bonney,0.057443559960968366,0.03321550406635923
2024-01-22,East Lake Bonney,0.17811011515921876,0.30802827681656236
2024-11-12,West Lake Bonney,0.13561137418623678,0.09088050795861506
2024-11-12,East Lake Bonney,0.202243891525954,0.3211931765286459
2024-11-14,West Lake Bonney,0.1325408639451698,0.09564178655056088
2024-11-14,East Lake Bonney,0.1340090478062865,0.24534325066919405
2024-11-21,West Lake Bonney,0.13008058740262968,0.07949085220513838
2024-11-21,East Lake Bonney,0.21356296279166184,0.3365072435802884
2024-12-21,West Lake Bonney,0.05422827661237357,0.035216945278242845
2024-12-21,East Lake Bonney,0.13556499388721238,0.21685714319831242
2016-11-02,Lake Fryxell,0.1540982200880541,0
2016-11-04,Lake Fryxell,0.16056213560486995,0
2016-11-06,Lake Fryxell,0.16663203106917263,0
2016-11-08,Lake Fryxell,0.18202916328018706,0
2016-11-13,Lake Fryxell,0.19404682987753585,0
2016-11-15,Lake Fryxell,0.18761138830531177,0
2016-12-08,Lake Fryxell,0.04170294559507971,0.007522845646249186
2016-12-10,Lake Fryxell,0.0476793906072363,0.007039595396133535
2016-12-13,Lake Fryxell,0.0978644657690977,0.00679796978071446
2016-12-15,Lake Fryxell,0.14727827114474862,0.012626038157362162
2016-12-17,Lake Fryxell,0.19938569405900775,4.508337809439629e-4
2016-12-19,Lake Fryxell,0.18516900810757295,0.003934524757723653
2016-12-24,Lake Fryxell,0.23084619175900664,1.0034424791994848e-5
2017-01-02,Lake Fryxell,0.1259492873061628,0
2017-01-09,Lake Fryxell,0.13488647050340988,3.0033921042135112e-6
2017-01-11,Lake Fryxell,0.025626942711306264,0
2017-01-14,Lake Fryxell,0.017409445524337888,1.1362889090104771e-4
2017-01-18,Lake Fryxell,0.0171621028138916,0
2017-01-25,Lake Fryxell,0.030389255620888234,1.3156524713630824e-4
2017-01-27,Lake Fryxell,0.037032630314362956,3.80003321161463e-4
2017-01-30,Lake Fryxell,0.05171661495465955,0.0015816436893953522
2017-11-04,Lake Fryxell,0.1446238139576457,0.10968659196444612
2017-11-07,Lake Fryxell,0.1541338768951856,0.08041777070616092
2017-11-18,Lake Fryxell,0.13731256089512686,0.07354800192055186
2017-11-20,Lake Fryxell,0.1417989019255242,0.14847239158558148
2017-11-21,Lake Fryxell,0.15742400982878887,0.12106763671985582
2017-11-25,Lake Fryxell,0.1889382694736387,0.13721410421080382
2017-11-27,Lake Fryxell,0.17402647161008977,0.11785077632586927
2017-11-30,Lake Fryxell,0.18297110465602168,0.10346372726135292
2017-12-02,Lake Fryxell,0.19348080514282584,0.09564447375732173
2017-12-07,Lake Fryxell,0.22955451868850266,0.11478090685043008
2017-12-16,Lake Fryxell,0.06823462796916771,0.002477931879258692
2017-12-23,Lake Fryxell,0.06813810778441161,0.008774628857985987
2018-01-03,Lake Fryxell,0.030396896666002687,7.519974632370741e-7
2018-01-05,Lake Fryxell,0.028217320248287533,0
2018-01-07,Lake Fryxell,0.022012059090176513,3.393359185321498e-5
2018-01-10,Lake Fryxell,0.04819178222674824,0.012894714663756654
2018-01-12,Lake Fryxell,0.05351325626454414,0.016961332952933686
2018-01-14,Lake Fryxell,0.07106085350660958,0.027785838711549462
2018-01-19,Lake Fryxell,0.07812239121203195,0.03595380569546469
2018-01-26,Lake Fryxell,0.008731050168854698,0.003458331892088745
2018-01-30,Lake Fryxell,0.01875730765188901,0.0048847649464131195
2018-11-05,Lake Fryxell,0.18919332099815736,0.12286207409001383
2018-11-07,Lake Fryxell,0.11016314741646059,0.0778857219131196
2018-11-08,Lake Fryxell,0.1371048716472689,0.1172703948656195
2018-11-12,Lake Fryxell,0.15724118273421006,0.10904658085813648
2018-11-17,Lake Fryxell,0.09718109012449777,0.08326234061382991
2018-11-19,Lake Fryxell,0.1289041600244369,0.11349811001603764
2018-11-24,Lake Fryxell,0.11474841151593988,0.0860521859713459
2018-11-26,Lake Fryxell,0.13411300805474077,0.08421558500582674
2018-11-28,Lake Fryxell,0.14277021118310107,0.07933384183351357
2018-11-30,Lake Fryxell,0.16326456566885245,0.10884622523659154
2018-12-05,Lake Fryxell,0.17338335820125728,0.10221847271786555
2018-12-19,Lake Fryxell,0.08117974047063263,0.007516890278880841
2018-12-25,Lake Fryxell,0.34709673230758,0.18077909985869905
2018-12-30,Lake Fryxell,0.20525897291482728,0.1550387566615092
2019-01-01,Lake Fryxell,0.13885829811812353,0.14985313657382363
2019-01-04,Lake Fryxell,0.16954610963794625,0.17401955142346756
2019-01-06,Lake Fryxell,0.17889743946680445,0.1933303600714605
2019-01-10,Lake Fryxell,0.18177142328869011,0.19300456001373778
2019-01-11,Lake Fryxell,0.2146639787630212,0.213479844804265
2019-01-15,Lake Fryxell,0.16764795896852036,0.16999802648797072
2019-01-24,Lake Fryxell,0.1560865434285606,0.16234970996611492
2019-01-26,Lake Fryxell,0.16957585415403478,0.1740246575679285
2019-01-27,Lake Fryxell,0.17859935081072945,0.18285424531178368
2019-11-04,Lake Fryxell,0.24180144685689306,0.40097876265645027
2019-11-06,Lake Fryxell,0.41297547007276636,0.4195408740438017
2019-11-08,Lake Fryxell,0.39877099792502124,0.4058752780346046
2019-11-10,Lake Fryxell,0.38511067011870703,0.40236350828713746
2019-11-11,Lake Fryxell,0.3855141258917446,0.3902923845146832
2019-11-15,Lake Fryxell,0.34714999839946226,0.37596014091618973
2019-11-17,Lake Fryxell,0.3507630377627605,0.3854329903378971
2019-11-24,Lake Fryxell,0.3629209542212209,0.3699180049107487
2019-11-26,Lake Fryxell,0.26597484970922985,0.3464220575436623
2019-11-27,Lake Fryxell,0.3271729677575367,0.3240521471051121
2019-12-03,Lake Fryxell,0.30586725861784864,0.32692680503696875
2019-12-10,Lake Fryxell,0.10102754444223834,0.02949628838475524
2019-12-12,Lake Fryxell,0.10381336991236068,0.054696424044948774
2019-12-17,Lake Fryxell,0.10646827542222363,0.1033053449789435
2019-12-24,Lake Fryxell,0.15005561436174888,0.1610145226257277
2019-12-26,Lake Fryxell,0.12803233213823903,0.14193146551181948
2019-12-29,Lake Fryxell,0.10724414971094556,0.08603336030856533
2019-12-31,Lake Fryxell,0.1188512532094397,0.13303224849555145
2020-01-02,Lake Fryxell,0.15354693244266576,0.1853984468316754
2020-01-11,Lake Fryxell,0.1432201603554386,0.1693742308079412
2020-01-20,Lake Fryxell,0.19046059248752423,0.22462310174241998
2020-10-30,Lake Fryxell,0.3224698399633441,0.29273787017603564
2020-11-08,Lake Fryxell,0.2029945874674244,0.16072428150844753
2020-11-15,Lake Fryxell,0.3641162895255463,0.34923915004819855
2020-11-17,Lake Fryxell,0.35502396408278986,0.3426976922087203
2020-11-19,Lake Fryxell,0.34922883621227624,0.33419846412830784
2020-11-24,Lake Fryxell,0.3424117451114751,0.3312990454802836
2020-11-26,Lake Fryxell,0.3406477919154078,0.3296871918036525
2020-11-28,Lake Fryxell,0.3212808646008433,0.3146923314372118
2020-11-29,Lake Fryxell,0.3177069151507537,0.32283535123543633
2020-12-01,Lake Fryxell,0.33210589252229566,0.37267127969211206
2020-12-03,Lake Fryxell,0.3149458376197134,0.3694103697973086
2020-12-08,Lake Fryxell,0.2603409679334745,0.37736214613331887
2020-12-10,Lake Fryxell,0.2339182736500845,0.3675783645165594
2020-12-14,Lake Fryxell,0.23993095283778484,0.3346098346290765
2020-12-15,Lake Fryxell,0.2936988228443391,0.31746957165406164
2020-12-21,Lake Fryxell,0.22102189835346855,0.2940500861495957
2020-12-24,Lake Fryxell,0.3090377395296917,0.3211435907821458
2020-12-26,Lake Fryxell,0.2892884736259654,0.324773372816188
2020-12-30,Lake Fryxell,0.31842081243688675,0.3416146307631775
2021-01-06,Lake Fryxell,0.3391409965767955,0.3748198171755425
2021-01-13,Lake Fryxell,0.3162915405460752,0.380352241036139
2021-01-16,Lake Fryxell,0.34340434389434515,0.3803263367118692
2021-01-18,Lake Fryxell,0.38705619800758645,0.4072975028950469
2021-01-22,Lake Fryxell,0.40837692247581897,0.46850836176173133
2021-02-01,Lake Fryxell,0.3940147330492676,0.4425451663651861
2021-10-31,Lake Fryxell,0.37062487476702477,0.42495679614463244
2021-11-04,Lake Fryxell,0.37541994173971177,0.43404565051310046
2021-11-09,Lake Fryxell,0.4006946883813928,0.4747196384390494
2021-11-11,Lake Fryxell,0.41637619020612665,0.48485485548363594
2021-11-15,Lake Fryxell,0.4217745519532761,0.49310212093057915
2021-11-20,Lake Fryxell,0.41323453295273904,0.4574604409753828
2021-11-29,Lake Fryxell,0.2698139970500188,0.25493428923357697
2021-12-01,Lake Fryxell,0.30726577383047793,0.37799590548677164
2021-12-02,Lake Fryxell,0.34619000929416305,0.4200395845380941
2021-12-04,Lake Fryxell,0.4421785547171659,0.5386006157649191
2021-12-06,Lake Fryxell,0.43612720241822234,0.5467760886688878
2021-12-08,Lake Fryxell,0.418819624329442,0.5405128328199673
2021-12-11,Lake Fryxell,0.3945348129464007,0.5128153722761268
2021-12-18,Lake Fryxell,0.14374911479931937,0.14679997261697636
2021-12-20,Lake Fryxell,0.1506616112830287,0.14770583082620697
2021-12-22,Lake Fryxell,0.12181927676614497,0.09148194077901746
2021-12-24,Lake Fryxell,0.1440340991749721,0.14537205329493977
2022-01-05,Lake Fryxell,0.28580004940278975,0.2702726082022029
2022-01-07,Lake Fryxell,0.2931803475615016,0.30343023648387507
2022-01-12,Lake Fryxell,0.22843462222423488,0.25911380597075123
2022-01-14,Lake Fryxell,0.2666301107655706,0.2949822191008948
2022-01-16,Lake Fryxell,0.27508319311542534,0.2967746396710102
2022-01-19,Lake Fryxell,0.3746305674361942,0.3806514994318324
2022-01-21,Lake Fryxell,0.442704296891423,0.4956601427910023
2022-01-25,Lake Fryxell,0.38767805208881717,0.4011635034156025
2022-01-28,Lake Fryxell,0.37230556147141725,0.39145484275387643
2022-11-07,Lake Fryxell,0.5629135056023618,0.5868489910337261
2022-11-14,Lake Fryxell,0.3987291261852712,0.39416964049626113
2022-11-16,Lake Fryxell,0.49874618390083103,0.4205675779428697
2022-11-18,Lake Fryxell,0.5170188466670764,0.52674789280787
2022-11-19,Lake Fryxell,0.542093831392707,0.5603847071192318
2022-11-21,Lake Fryxell,0.603444854460485,0.629913866519928
2022-11-23,Lake Fryxell,0.5709280168413678,0.6123247375165609
2022-11-28,Lake Fryxell,0.4247207452813151,0.44348049432711495
2022-12-04,Lake Fryxell,0.35311206247967664,0.46657991474562316
2022-12-05,Lake Fryxell,0.28281394055511244,0.4468960858377299
2022-12-11,Lake Fryxell,0.1801032298277377,0.21129037193337777
2022-12-16,Lake Fryxell,0.2241618993814557,0.1967917839275267
2022-12-18,Lake Fryxell,0.25113306729236395,0.22610174371559816
2023-01-01,Lake Fryxell,0.4687337409146638,0.45046194850054
2023-01-03,Lake Fryxell,0.3225674626387796,0.29893688947186436
2023-01-10,Lake Fryxell,0.3213221695803161,0.3019106892266668
2023-01-15,Lake Fryxell,0.27264809999382167,0.24130176130990336
2023-01-22,Lake Fryxell,0.3492282128878724,0.3254860216065457
2023-01-24,Lake Fryxell,0.36603302891979517,0.33897130426607636
2023-11-17,Lake Fryxell,0.33956188948469723,0.34767643115798336
2023-11-19,Lake Fryxell,0.35473375539395163,0.3433403424302438
2023-11-21,Lake Fryxell,0.37279739924594374,0.35271117550538
2023-12-05,Lake Fryxell,0.17212149487081388,0.2560432015505052
2023-12-07,Lake Fryxell,0.1347730652955071,0.2431570035915305
2023-12-19,Lake Fryxell,0.08900610501440388,0.0634623157148008
2023-12-28,Lake Fryxell,0.11643200044868848,0.07557585863685376
2023-12-30,Lake Fryxell,0.09121270180171025,0.043589634864638765
2024-01-04,Lake Fryxell,0.11061256642183016,0.07675374489294232
2024-01-13,Lake Fryxell,0.0989593829251047,0.0678275014184979
2024-01-22,Lake Fryxell,0.07634632225470533,0.0205213191744693
2024-01-24,Lake Fryxell,0.06567112823323795,6.145712926381213e-6
2024-11-03,Lake Fryxell,0.13374115837900166,0.02078350146039464
2024-11-07,Lake Fryxell,0.038455841972857244,4.6897268055176014e-4
2024-11-12,Lake Fryxell,0.051972660276935874,0.00495458365666603
2024-11-14,Lake Fryxell,0.05142786606590523,0.005086227752534407
2024-11-21,Lake Fryxell,0.0334915329367306,0.0014845607617364049
2024-12-09,Lake Fryxell,0.0448219166534886,0.022084060065145773
2024-12-21,Lake Fryxell,0.01571171763107622,5.359308512279517e-4
2016-11-02,Lake Hoare,0.37676121557994585,0.3270326196251059
2016-11-04,Lake Hoare,0.37211041476668383,0.32069284776995954
2016-11-06,Lake Hoare,0.3774336972978057,0.3277698620817715
2016-11-08,Lake Hoare,0.39804714847628664,0.3516098018875696
2016-11-15,Lake Hoare,0.31981876029234585,0.252566066010386
2016-12-10,Lake Hoare,0.27462366118663695,0.22038467945460988
2016-12-13,Lake Hoare,0.49329267927786197,0.3914989892925535
2016-12-15,Lake Hoare,0.573056774052178,0.5023299009728253
2016-12-17,Lake Hoare,0.7700663344743776,0.7551497234437698
2016-12-24,Lake Hoare,0.3120713000326622,0.33756101086623685
2017-01-02,Lake Hoare,0.024034244042620296,0.026659683720143056
2017-01-11,Lake Hoare,0.008693607430802176,0.011520791818524353
2017-01-14,Lake Hoare,0.0026007077161601757,0.0018996335047426725
2017-01-18,Lake Hoare,0.003936986978634838,0.0039206239910397145
2017-01-25,Lake Hoare,0.028197810979479803,0.032044004591810345
2017-01-27,Lake Hoare,0.030352577985382018,0.0340896304880612
2017-01-30,Lake Hoare,0.03963169849912358,0.04071325997456985
2017-11-07,Lake Hoare,0.6113258961279218,0.4241501243042767
2017-11-18,Lake Hoare,0.2629139435557599,0.0753198379601654
2017-11-21,Lake Hoare,0.256922987575529,0.07162820796015455
2017-11-25,Lake Hoare,0.2843363860021855,0.08467954492215868
2017-11-27,Lake Hoare,0.25872349597608885,0.06682028395355298
2017-11-30,Lake Hoare,0.2689430930942763,0.08130807774312115
2017-12-02,Lake Hoare,0.25214451144012057,0.08794748027793318
2017-12-07,Lake Hoare,1.8951679273258621e-6,0
2017-12-16,Lake Hoare,0.01157989507839885,0.0103965649880531
2017-12-23,Lake Hoare,0.007531663915734476,0.003224692608735741
2018-01-03,Lake Hoare,0.018706542122645702,0.025872711799478622
2018-01-05,Lake Hoare,0.026697022478785096,0.02728442231824388
2018-01-10,Lake Hoare,0.07952597367297708,0.01691280511157056
2018-01-12,Lake Hoare,0.07381253527592964,0.012369495734619568
2018-01-14,Lake Hoare,0.07632587739500706,0.010026524676176539
2018-01-19,Lake Hoare,0.08498374739491665,0.01038956564489605
2018-01-26,Lake Hoare,0.1910189362996962,0.11818859490909074
2018-01-30,Lake Hoare,0.17413898856174656,0.11069890072471217
2018-11-05,Lake Hoare,0.6347863479649148,0.6389337464382774
2018-11-08,Lake Hoare,0.5720856352950014,0.40044007030196654
2018-11-12,Lake Hoare,0.39487328203623046,0.040654506381994214
2018-11-17,Lake Hoare,0.14118279471925832,0.036946662392123596
2018-11-19,Lake Hoare,0.37741228491306394,0.2648701513732286
2018-11-24,Lake Hoare,0.34807698043426727,0.22275665234354206
2018-11-26,Lake Hoare,0.3785179410057097,0.27669331397777214
2018-11-28,Lake Hoare,0.3571975395555903,0.2934779895651609
2018-11-30,Lake Hoare,0.315169915331573,0.2818618082910552
2018-12-05,Lake Hoare,0.010122057378675003,0.018263637277072177
2018-12-30,Lake Hoare,0.2069082299214731,0.14777747589282522
2019-01-01,Lake Hoare,0.2277043446187191,0.12988801822556476
2019-01-04,Lake Hoare,0.2548537883121753,0.15381377039099098
2019-01-06,Lake Hoare,0.24582105732640563,0.14859740491396278
2019-01-11,Lake Hoare,0.46352467877108877,0.3126452411700012
2019-01-15,Lake Hoare,0.2674009917444754,0.17537745001508778
2019-01-24,Lake Hoare,0.2183665124785791,0.15803641274123265
2019-11-06,Lake Hoare,0.7098507108920958,0.614687142515541
2019-11-08,Lake Hoare,0.6850834060006026,0.5907977956130093
2019-11-11,Lake Hoare,0.6595374084391245,0.5670348497709834
2019-11-15,Lake Hoare,0.31612564559389905,0.219725623894903
2019-11-17,Lake Hoare,0.3448189409913086,0.2517352112029728
2019-11-24,Lake Hoare,0.6809405970573426,0.6112626770833381
2019-11-27,Lake Hoare,0.4953904350210981,0.4679409689024875
2019-12-03,Lake Hoare,0.44256500425862105,0.4458199799957132
2019-12-17,Lake Hoare,0.10824091329920055,0.10397308401292307
2019-12-24,Lake Hoare,0.19749870184990692,0.1949387640881359
2019-12-26,Lake Hoare,0.17201587359192383,0.17455708966555453
2019-12-31,Lake Hoare,0.2937440399394836,0.33323188619057936
2020-01-02,Lake Hoare,0.28828719874980246,0.2956868376498832
2020-01-11,Lake Hoare,0.16278427262134068,0.1869534879250634
2020-01-20,Lake Hoare,0.18991115658155006,0.22452684049319505
2020-10-30,Lake Hoare,0.3931255274702136,0.3338087971945454
2020-11-15,Lake Hoare,0.46123876232926436,0.4138600436368383
2020-11-17,Lake Hoare,0.45511222725961265,0.4119370143888588
2020-11-19,Lake Hoare,0.45787903622156234,0.40924745271528573
2020-11-24,Lake Hoare,0.44978299921605647,0.40714116932306077
2020-11-26,Lake Hoare,0.43260422727683695,0.40286403076541155
2020-11-29,Lake Hoare,0.41811143726110456,0.40546733017702746
2020-12-01,Lake Hoare,0.39880472045119214,0.3688464525498842
2020-12-03,Lake Hoare,0.3406728478175838,0.3040058713658412
2020-12-08,Lake Hoare,0.2322202611919606,0.25628138731296796
2020-12-10,Lake Hoare,0.24678172865047732,0.3191501774958202
2020-12-15,Lake Hoare,0.49339166279246166,0.6050167368318802
2020-12-21,Lake Hoare,0.40261960654246914,0.5969385822912804
2020-12-24,Lake Hoare,0.48402188171700733,0.6659226677471534
2021-01-13,Lake Hoare,0.5361977866655443,0.665308137585346
2021-01-16,Lake Hoare,0.5276946063376055,0.7176418277554046
2021-01-18,Lake Hoare,0.7434965019691281,0.8590693832340097
2021-01-22,Lake Hoare,0.6429492816692446,0.8264002419055853
2021-02-01,Lake Hoare,0.6117574144572746,0.7753280396748307
2021-10-31,Lake Hoare,0.6979743738581494,0.7876958354075152
2021-11-04,Lake Hoare,0.6968047809891584,0.7844609931895608
2021-11-09,Lake Hoare,0.5628151729666605,0.57620350064191606
2021-11-11,Lake Hoare,0.6965013754658582,0.7727424013883548
2021-11-20,Lake Hoare,0.3704613940114998,0.4376679398959741
2021-12-02,Lake Hoare,0.5280262180072506,0.4498313483887149
2021-12-04,Lake Hoare,0.7893347463956694,0.6678391954952613
2021-12-06,Lake Hoare,0.5175847067338665,0.44389746534196955
2021-12-08,Lake Hoare,0.4109023356437683,0.3435431362542891
2021-12-11,Lake Hoare,0.11524506874299177,0.029940358783565706
2021-12-18,Lake Hoare,0.1845444640237199,0.1486076029941888
2021-12-20,Lake Hoare,0.1754309045258773,0.14733966602768778
2021-12-22,Lake Hoare,0.15520435041776204,0.13159903874743337
2021-12-24,Lake Hoare,0.15929305589411452,0.13866610785673156
2022-01-05,Lake Hoare,0.21599056077803053,0.19327491252942192
2022-01-07,Lake Hoare,0.19448344622670513,0.19315201884373687
2022-01-12,Lake Hoare,0.13851746546513424,0.1577138755106388
2022-01-14,Lake Hoare,0.1317184037269979,0.13976891165165076
2022-01-16,Lake Hoare,0.13278640568462236,0.14108769707661822
2022-01-19,Lake Hoare,0.3319500987413453,0.3077779048143473
2022-01-25,Lake Hoare,0.3932395685155217,0.372978087878765
2022-01-28,Lake Hoare,0.38437123239040377,0.3670149847753066
2022-11-14,Lake Hoare,5.41679038487706e-4,0
2022-11-16,Lake Hoare,0.009141123667779938,0.01581520964267346
2022-11-19,Lake Hoare,0.3831203185258115,0.31710715042917353
2022-11-21,Lake Hoare,0.6070480696457188,0.5913763185192767
2022-11-23,Lake Hoare,0.6416674074894044,0.6270538313048226
2022-11-28,Lake Hoare,0.17110048581902845,0.150118621220266
2022-12-05,Lake Hoare,0.19693058302853167,0.12913306295535618
2022-12-11,Lake Hoare,0.3381563076885735,0.3107485448507438
2022-12-16,Lake Hoare,0.1054640857814584,0.10986023191782765
2022-12-18,Lake Hoare,0.09925499069982878,0.11244574952450462
2023-01-01,Lake Hoare,0.00245451121512815,0.010047361246349345
2023-01-03,Lake Hoare,0.1746320489557778,0.1786881592264749
2023-01-10,Lake Hoare,0.21635035708183195,0.21084719257695334
2023-01-22,Lake Hoare,0.10256769774652018,0.11949262045379869
2023-01-24,Lake Hoare,0.21262964929385883,0.21170672897557566
2023-11-17,Lake Hoare,0.31297226380011656,0.254650972643517
2023-11-19,Lake Hoare,0.321099690678643,0.2528342617521609
2023-12-05,Lake Hoare,0.22441616926058308,0.15100043734773658
2023-12-19,Lake Hoare,0.038923879580403505,0.012130897452833833
2023-12-28,Lake Hoare,0.0012657564546076706,5.901306893858582e-6
2023-12-30,Lake Hoare,0.0029741902708068355,1.7578036986515488e-5
2024-01-04,Lake Hoare,0.07235003832624033,0.04856236183662904
2024-01-22,Lake Hoare,0.0014846901755379627,0
2024-11-12,Lake Hoare,0.08030944920534283,0.008323911354329224
2024-11-14,Lake Hoare,0.07804483102707509,0.011070886856394733
2024-11-21,Lake Hoare,0.04151561778763053,1.7613315347781672e-4
2024-12-21,Lake Hoare,0.004094586267039143,0
