system:index,brightest_band_means,brightest_geometry,date,dimmest_band_means,dimmest_geometry,image_id,.geo
0,"[0.2655271293658055, 0.2173693639043621, 0.2167428467662878, 0.21129017627417437, 0.136292550262503, 0.13055519886561323, 0.21939039342233907]","[163.17518725654375, -77.61204069306538]",2016-11-02T00:00:00,"[0.5201863667186261, 0.4779005742489457, 0.4991504436275878, 0.4593025334126545, 0.056210842344482766, 0.05718648236711303, 0.4885210740623437]","[163.17537161413546, -77.5996182219057]",0,"{""type"":""MultiPoint"",""coordinates"":[]}"
1,"[0.253976349509521, 0.2081734983107238, 0.20913744123372474, 0.2045815630498343, 0.13520577191844854, 0.1287159249690512, 0.20673204715109353]","[163.17518725654375, -77.61204069306538]",2016-11-04T00:00:00,"[0.49338855253354197, 0.4498163185085962, 0.4713935917228889, 0.4308386707711031, 0.04934114626455318, 0.04936615029247608, 0.45790467379214134]","[163.17537161413546, -77.5996182219057]",1,"{""type"":""MultiPoint"",""coordinates"":[]}"
2,"[0.2597609913497125, 0.2112714646210619, 0.21204962251328774, 0.20777179792887265, 0.14307408230049734, 0.13600549593326933, 0.21545511698143038]","[163.17518725654375, -77.61204069306538]",2016-11-06T00:00:00,"[0.49204803227323196, 0.44896793318965855, 0.4670026679371959, 0.41628329826040805, 0.04161656128076371, 0.04135993186354991, 0.4550504302802935]","[163.17537161413546, -77.5996182219057]",2,"{""type"":""MultiPoint"",""coordinates"":[]}"
3,"[0.2473967051891902, 0.2010776620167465, 0.2017760598515573, 0.19793040722231567, 0.1431264738589253, 0.13532111996161486, 0.2044654302306582]","[163.17518725654375, -77.61204069306538]",2016-11-08T00:00:00,"[0.4569796090367338, 0.413851228610268, 0.4291079691028878, 0.3772325785902978, 0.036067218101624256, 0.0350376403583549, 0.4196283330438781]","[163.17537161413546, -77.5996182219057]",3,"{""type"":""MultiPoint"",""coordinates"":[]}"
4,"[0.24361517636917726, 0.19945116988850373, 0.19973561387257865, 0.19535930593330025, 0.15265928971374707, 0.143148468757066, 0.19991498081305745]","[163.17518725654375, -77.61204069306538]",2016-11-13T00:00:00,"[0.4496557714669142, 0.41046699881150933, 0.4204621363125914, 0.3514086519106926, 0.03618821895679875, 0.0344361885993239, 0.414409818043057]","[163.17537161413546, -77.5996182219057]",4,"{""type"":""MultiPoint"",""coordinates"":[]}"
5,"[0.23797921210412504, 0.1959673044398585, 0.19599888776802268, 0.19115981273038102, 0.15027361125638966, 0.14142869205353245, 0.19595825349894283]","[163.17518725654375, -77.61204069306538]",2016-11-15T00:00:00,"[0.438309254585734, 0.4000405775587361, 0.4083933936777199, 0.339961752650883, 0.038841082830087484, 0.037380824768225504, 0.4022594586766804]","[163.17537161413546, -77.5996182219057]",5,"{""type"":""MultiPoint"",""coordinates"":[]}"
6,"[0.4721622922230514, 0.41173139825561067, 0.42038579725536945, 0.41725320414012085, 0.12109804165991891, 0.11792878850791527, 0.4144906516424465]","[163.17518725654375, -77.61204069306538]",2016-12-08T00:00:00,"[0.7947844513468899, 0.7382444846381223, 0.7826629805086462, 0.7957852015011408, 0.07962079353227333, 0.08464399865592429, 0.7527025854995902]","[163.17537161413546, -77.5996182219057]",6,"{""type"":""MultiPoint"",""coordinates"":[]}"
7,"[0.4208498509449686, 0.37056520029671614, 0.37601398919711354, 0.3663891449087827, 0.11528815011405848, 0.1123732050909391, 0.37122975725778606]","[163.17518725654375, -77.61204069306538]",2016-12-10T00:00:00,"[0.7514875939219202, 0.7030133824639685, 0.7427304073222851, 0.7432627372343502, 0.06021581371430287, 0.0645983071841587, 0.7160772852829667]","[163.17537161413546, -77.5996182219057]",7,"{""type"":""MultiPoint"",""coordinates"":[]}"
8,"[0.35498692818514693, 0.31138028805104123, 0.31388256435609424, 0.2989787448204911, 0.11982062644664322, 0.11447201401795601, 0.31087004588537004]","[163.17518725654375, -77.61204069306538]",2016-12-13T00:00:00,"[0.6709808774851727, 0.6336159712196597, 0.6650961784484957, 0.640714058682094, 0.046509962992560286, 0.04782301851453052, 0.6413550380073475]","[163.17537161413546, -77.5996182219057]",8,"{""type"":""MultiPoint"",""coordinates"":[]}"
9,"[0.33101720205301954, 0.2872132749859247, 0.2891863727754243, 0.2754610346468053, 0.12926463724424522, 0.12332301419539535, 0.2849220365279825]","[163.17518725654375, -77.61204069306538]",2016-12-15T00:00:00,"[0.6310674406114392, 0.5890594842699554, 0.6107621025849044, 0.5710100307954934, 0.036858621533059285, 0.03778946349551714, 0.593991055898381]","[163.17537161413546, -77.5996182219057]",9,"{""type"":""MultiPoint"",""coordinates"":[]}"
10,"[0.3689130934453387, 0.32905737306666377, 0.3378492266086879, 0.3301660545739318, 0.15097345632981568, 0.1441794981396158, 0.33038307975659875]","[163.17518725654375, -77.61204069306538]",2016-12-17T00:00:00,"[0.6158410769508913, 0.580409803077841, 0.6023654395700684, 0.561841806039062, 0.05400772589245572, 0.05347056949141057, 0.5845148494944975]","[163.17537161413546, -77.5996182219057]",10,"{""type"":""MultiPoint"",""coordinates"":[]}"
11,"[0.28662443073315347, 0.2447848807825558, 0.24375150454674935, 0.23289900408407707, 0.13823121654977658, 0.12954358925280238, 0.24141179731473908]","[163.17518725654375, -77.61204069306538]",2016-12-19T00:00:00,"[0.5218372919814633, 0.4789211386849321, 0.4834602806513538, 0.4285851186046359, 0.022973481959234005, 0.022665215296997113, 0.47827566108762554]","[163.17537161413546, -77.5996182219057]",11,"{""type"":""MultiPoint"",""coordinates"":[]}"
12,"[0.24599264013983357, 0.20597546230385472, 0.20159364243079644, 0.18865698165619535, 0.14309072599942907, 0.13339305043559205, 0.2009708448898757]","[163.17518725654375, -77.61204069306538]",2016-12-24T00:00:00,"[0.4457905740824415, 0.40210136520919754, 0.389682067355935, 0.3181839781724539, 0.015236947739216317, 0.014238795514101024, 0.39651775588039523]","[163.17537161413546, -77.5996182219057]",12,"{""type"":""MultiPoint"",""coordinates"":[]}"
13,"[0.21271892058174383, 0.17661123103934337, 0.1715136651532588, 0.16119793400864935, 0.15108317376566066, 0.1424327517394638, 0.1732319055413277]","[163.17518725654375, -77.61204069306538]",2017-01-02T00:00:00,"[0.5297628680271648, 0.4990859215814966, 0.5087710921445913, 0.41051559614842015, 0.011235122948519508, 0.010298430634983794, 0.49569437659420634]","[163.17537161413546, -77.5996182219057]",13,"{""type"":""MultiPoint"",""coordinates"":[]}"
14,"[0.4499163723948326, 0.41550047052033184, 0.43029975933247394, 0.4307982304123961, 0.2082484963700968, 0.19940323259691295, 0.41592232312150057]","[163.17518725654375, -77.61204069306538]",2017-01-09T00:00:00,"[0.6220642319040344, 0.5915298356163236, 0.6175650208312573, 0.5742838159822691, 0.13540096843094046, 0.13028040539472538, 0.5956244962931112]","[163.17537161413546, -77.5996182219057]",14,"{""type"":""MultiPoint"",""coordinates"":[]}"
15,"[0.20425719382805962, 0.16601327028893367, 0.15976904539074765, 0.15048704086133532, 0.1514069036144224, 0.1416593446449652, 0.16369824344408823]","[163.17518725654375, -77.61204069306538]",2017-01-11T00:00:00,"[0.5582401998525827, 0.5289289066114343, 0.5428306096152321, 0.444565660747658, 0.014050819269626168, 0.013194493684570607, 0.5281870487384493]","[163.17537161413546, -77.5996182219057]",15,"{""type"":""MultiPoint"",""coordinates"":[]}"
16,"[0.21242517209912648, 0.17634160566687188, 0.17092855520325184, 0.16085079771364552, 0.1431715736647085, 0.13227498724170617, 0.1757744680050623]","[163.17518725654375, -77.61204069306538]",2017-01-14T00:00:00,"[0.5145031475036597, 0.48797467681984824, 0.49279583750459904, 0.37986636764052323, 0.029946792493851494, 0.02829184851917304, 0.483552529869285]","[163.17537161413546, -77.5996182219057]",16,"{""type"":""MultiPoint"",""coordinates"":[]}"
17,"[0.20269940946628387, 0.1641561578421714, 0.15825360168311103, 0.14996460822836064, 0.15283546717170285, 0.14276977841710392, 0.16165635936647132]","[163.17518725654375, -77.61204069306538]",2017-01-18T00:00:00,"[0.56044602774662, 0.5310969024113356, 0.5483955716041364, 0.44507581976956356, 0.014589050294159753, 0.013671981585435741, 0.530893214217602]","[163.17537161413546, -77.5996182219057]",17,"{""type"":""MultiPoint"",""coordinates"":[]}"
18,"[0.20283954473480612, 0.1623328072183036, 0.15600484700323256, 0.14759259890362506, 0.15141550264483997, 0.1413553976364696, 0.15981486284473967]","[163.17518725654375, -77.61204069306538]",2017-01-25T00:00:00,"[0.5574248269453023, 0.5282697469372576, 0.5455065992794909, 0.44443300831326754, 0.014003584304110042, 0.013383536834090303, 0.5290717917530531]","[163.17537161413546, -77.5996182219057]",18,"{""type"":""MultiPoint"",""coordinates"":[]}"
19,"[0.20337795742223513, 0.16231929415727683, 0.15559989304662858, 0.1466127786588049, 0.14998750571976213, 0.14025730154599464, 0.15978683008539135]","[163.17518725654375, -77.61204069306538]",2017-01-27T00:00:00,"[0.5470989098235421, 0.5165976607395213, 0.5335944353926061, 0.4379977701294383, 0.014711175893972202, 0.013811081029654943, 0.5164425525542217]","[163.17537161413546, -77.5996182219057]",19,"{""type"":""MultiPoint"",""coordinates"":[]}"
20,"[0.19695175721810987, 0.15899873890452929, 0.15144436633317543, 0.14132574821049904, 0.14386788003894072, 0.13427925641882008, 0.1563461906766969]","[163.17518725654375, -77.61204069306538]",2017-01-30T00:00:00,"[0.5508778518611102, 0.5259096619829311, 0.5427700682883568, 0.44548297774090206, 0.016017782797110837, 0.015359611045331335, 0.5261278713114333]","[163.17537161413546, -77.5996182219057]",20,"{""type"":""MultiPoint"",""coordinates"":[]}"
21,"[0.2995467116503239, 0.2513703990170495, 0.25618520577943493, 0.25623494419936743, 0.12671944731106208, 0.12253327238106526, 0.24724829896477102]","[163.17518725654375, -77.61204069306538]",2017-11-04T00:00:00,"[0.5819293179992696, 0.5325231548801692, 0.5629250320798036, 0.5296735871696737, 0.043560720574943576, 0.045895479670344776, 0.5453962735425506]","[163.17537161413546, -77.5996182219057]",21,"{""type"":""MultiPoint"",""coordinates"":[]}"
22,"[0.3304917206523432, 0.28659378613883274, 0.30204881769527175, 0.307195773529021, 0.1437637444044017, 0.13728983755513438, 0.28887446858717114]","[163.17518725654375, -77.61204069306538]",2017-11-07T00:00:00,"[0.6090311077863539, 0.5669409374668504, 0.6152654025701403, 0.596911246249357, 0.10847109153038195, 0.11289360290449235, 0.5830036223430051]","[163.17537161413546, -77.5996182219057]",22,"{""type"":""MultiPoint"",""coordinates"":[]}"
23,"[0.31689274683015106, 0.2757768791816814, 0.28002184709777345, 0.27513475627713035, 0.1347552497825167, 0.1292606612252526, 0.2749142706180501]","[163.17518725654375, -77.61204069306538]",2017-11-18T00:00:00,"[0.6370910840754203, 0.6102707298267016, 0.6417363970861685, 0.6005110233653662, 0.051487433140998386, 0.053278616798740734, 0.6170676724225009]","[163.17537161413546, -77.5996182219057]",23,"{""type"":""MultiPoint"",""coordinates"":[]}"
24,"[0.3256610062729074, 0.2823620831340234, 0.28521261430194705, 0.2834551862871858, 0.1438168165456222, 0.13651812322468507, 0.27992612355932567]","[163.17518725654375, -77.61204069306538]",2017-11-20T00:00:00,"[0.5756783051214043, 0.5363701854446564, 0.5580240902840452, 0.5113939554673113, 0.051474908074207626, 0.050533521107729754, 0.5413038099378309]","[163.17537161413546, -77.5996182219057]",24,"{""type"":""MultiPoint"",""coordinates"":[]}"
25,"[0.27844334320005, 0.2391031573738933, 0.24132653473719104, 0.23341065988641121, 0.13539847717982362, 0.1292113259390348, 0.23933764571553431]","[163.17518725654375, -77.61204069306538]",2017-11-21T00:00:00,"[0.601319032503571, 0.5730931143705592, 0.5982850545339107, 0.5413356752288833, 0.04231588453689697, 0.042604972141687965, 0.5822529087283466]","[163.17537161413546, -77.5996182219057]",25,"{""type"":""MultiPoint"",""coordinates"":[]}"
26,"[0.26081594377141243, 0.2256340704712647, 0.22557730180181942, 0.21692779768684958, 0.1432698960249385, 0.13632070517448047, 0.22140392205179404]","[163.17518725654375, -77.61204069306538]",2017-11-25T00:00:00,"[0.5467028970267674, 0.5285248709171176, 0.5433510071896562, 0.4545976065029268, 0.02201324548620375, 0.02182809117536884, 0.5329969540599809]","[163.17537161413546, -77.5996182219057]",26,"{""type"":""MultiPoint"",""coordinates"":[]}"
27,"[0.24805647435162803, 0.21415616083832992, 0.2110594873476163, 0.20439787546610833, 0.1438127925718644, 0.13627418629088772, 0.2116884003269054]","[163.17518725654375, -77.61204069306538]",2017-11-27T00:00:00,"[0.5282724161166916, 0.5064490996303691, 0.5209555854532221, 0.4403375974257857, 0.022833143020814253, 0.022801008814694504, 0.5104434187408557]","[163.17537161413546, -77.5996182219057]",27,"{""type"":""MultiPoint"",""coordinates"":[]}"
28,"[0.32299503281048264, 0.28977921021885394, 0.29354552841675186, 0.28369022107596864, 0.15703268950136134, 0.14991120391008797, 0.2873713684297338]","[163.17518725654375, -77.61204069306538]",2017-11-30T00:00:00,"[0.5201042616869113, 0.4910471589490696, 0.5027546458438107, 0.43780963229864056, 0.0837486766685981, 0.08260909756324024, 0.49514830455966247]","[163.17537161413546, -77.5996182219057]",28,"{""type"":""MultiPoint"",""coordinates"":[]}"
29,"[0.22820365668020504, 0.19418994238184212, 0.19377077168124224, 0.18624743609876598, 0.15079439803529535, 0.14341403776795517, 0.18992546935176]","[163.17518725654375, -77.61204069306538]",2017-12-02T00:00:00,"[0.5045143493236168, 0.4783709588489632, 0.4895757072665033, 0.4014081188463921, 0.019026846462129165, 0.01861866221201103, 0.48146006409787345]","[163.17537161413546, -77.5996182219057]",29,"{""type"":""MultiPoint"",""coordinates"":[]}"
30,"[0.24379031289690667, 0.20492075092957981, 0.20335024695253529, 0.18936873418826136, 0.13470234420307506, 0.12709018221559829, 0.20522314976357256]","[163.17518725654375, -77.61204069306538]",2017-12-07T00:00:00,"[0.48324792740973377, 0.4532284523923528, 0.4587396317140919, 0.37776696075499755, 0.03318945238510564, 0.031050719076884722, 0.4547000006520821]","[163.17537161413546, -77.5996182219057]",30,"{""type"":""MultiPoint"",""coordinates"":[]}"
31,"[0.21014814264379345, 0.17389209472539582, 0.17091148274540607, 0.16264383295069748, 0.14645402119705705, 0.13728775395891749, 0.1695263178690614]","[163.17518725654375, -77.61204069306538]",2017-12-16T00:00:00,"[0.614374965640727, 0.5847189902300833, 0.6125118491875304, 0.583634318322654, 0.03959596593255859, 0.04113184360077627, 0.5909740229722866]","[163.17537161413546, -77.5996182219057]",31,"{""type"":""MultiPoint"",""coordinates"":[]}"
32,"[0.21401976406481515, 0.175911077277623, 0.17133824385842217, 0.16322516161034442, 0.14961184281433723, 0.14146190466939984, 0.1727501122617499]","[163.17518725654375, -77.61204069306538]",2017-12-23T00:00:00,"[0.679676161771787, 0.6409794582312883, 0.6789029993911697, 0.6655140215420625, 0.05938776971746011, 0.062109449395212596, 0.6506493618927904]","[163.17537161413546, -77.5996182219057]",32,"{""type"":""MultiPoint"",""coordinates"":[]}"
33,"[0.20683346745699005, 0.17116891359642622, 0.1672515069308222, 0.15928334267364583, 0.15705578399189973, 0.14611541836302716, 0.16712919260941372]","[163.17518725654375, -77.61204069306538]",2018-01-03T00:00:00,"[0.5640185940596679, 0.5408408286345825, 0.5624484460093381, 0.4862653333491132, 0.01428769664238248, 0.013350425648629668, 0.5476728705616949]","[163.17537161413546, -77.5996182219057]",33,"{""type"":""MultiPoint"",""coordinates"":[]}"
34,"[0.2240068658028178, 0.18728141049780558, 0.18480224726362665, 0.17846036188973227, 0.1547227538933106, 0.14369398190576343, 0.18584598033868313]","[163.17518725654375, -77.61204069306538]",2018-01-05T00:00:00,"[0.5534940006466994, 0.5299600042827097, 0.5545730052763654, 0.5009508520580209, 0.04163553011842446, 0.03914348290561542, 0.5361991825176087]","[163.17537161413546, -77.5996182219057]",34,"{""type"":""MultiPoint"",""coordinates"":[]}"
35,"[0.2036898490398071, 0.1657493232890459, 0.16182964701924435, 0.1541500957015563, 0.15628105117335556, 0.14534402201759195, 0.16312633992664743]","[163.17518725654375, -77.61204069306538]",2018-01-07T00:00:00,"[0.5536822529147101, 0.526959273432342, 0.5522344102207756, 0.4866845473233336, 0.014563385075030319, 0.013531475932409767, 0.5339091348934798]","[163.17537161413546, -77.5996182219057]",35,"{""type"":""MultiPoint"",""coordinates"":[]}"
36,"[0.19831574740630317, 0.16084249796341923, 0.15425066313949704, 0.14543805888782843, 0.14876708130685531, 0.13975234240241083, 0.1588217517287839]","[163.17518725654375, -77.61204069306538]",2018-01-10T00:00:00,"[0.6190556915585523, 0.5933661765403404, 0.62616148051213, 0.5969586673922396, 0.04214943110294482, 0.04358453377598074, 0.6039892085806179]","[163.17537161413546, -77.5996182219057]",36,"{""type"":""MultiPoint"",""coordinates"":[]}"
37,"[0.20331236450144594, 0.16444135330219767, 0.15867442957366956, 0.1507844161492985, 0.15461156080453442, 0.14363329290440524, 0.16376234122290467]","[163.17518725654375, -77.61204069306538]",2018-01-12T00:00:00,"[0.6114204588447676, 0.5872738301999649, 0.6189840027314814, 0.5804677285960247, 0.028929941970813472, 0.02970331565047001, 0.5967674349383014]","[163.17537161413546, -77.5996182219057]",37,"{""type"":""MultiPoint"",""coordinates"":[]}"
38,"[0.2028394833530696, 0.16334841548509468, 0.15708490528797803, 0.1494320196199181, 0.1520022401236023, 0.14046417094672844, 0.16221468649269843]","[163.17518725654375, -77.61204069306538]",2018-01-14T00:00:00,"[0.5718774591480653, 0.5472324952190208, 0.5724163573099611, 0.516550744389708, 0.021017892631376746, 0.020666195706648523, 0.5557936348187652]","[163.17537161413546, -77.5996182219057]",38,"{""type"":""MultiPoint"",""coordinates"":[]}"
39,"[0.20137335398857925, 0.16389941077432182, 0.1591018028096144, 0.1513627822236409, 0.15609219231012345, 0.1464344711119611, 0.16239760536983983]","[163.17518725654375, -77.61204069306538]",2018-01-19T00:00:00,"[0.5767788520157958, 0.5571899782035907, 0.5826963115186273, 0.5086749775306123, 0.019505987538274087, 0.01961110099392768, 0.5676957599339988]","[163.17537161413546, -77.5996182219057]",39,"{""type"":""MultiPoint"",""coordinates"":[]}"
40,"[0.3058210513467258, 0.26014529080608007, 0.25899977918641454, 0.2555438533686401, 0.12457934007787463, 0.11823446441146683, 0.26581326149732154]","[163.17518725654375, -77.61204069306538]",2018-01-26T00:00:00,"[0.7536482835821137, 0.7195178189597236, 0.7680508978873779, 0.7939706037724453, 0.08461262089238765, 0.08924820256043135, 0.735286559424572]","[163.17537161413546, -77.5996182219057]",40,"{""type"":""MultiPoint"",""coordinates"":[]}"
41,"[0.23684756496613354, 0.18820230289663692, 0.1795178281997203, 0.16968175463833537, 0.14529423059133717, 0.13519346281086758, 0.1859110722576968]","[163.17518725654375, -77.61204069306538]",2018-01-30T00:00:00,"[0.6785018270937592, 0.6419298922191654, 0.6885303580578126, 0.6956799601664472, 0.047249303527745694, 0.050179982377052255, 0.6563897095381523]","[163.17537161413546, -77.5996182219057]",41,"{""type"":""MultiPoint"",""coordinates"":[]}"
42,"[0.29035144276639274, 0.24371074371204668, 0.24500765648591677, 0.23589233077847324, 0.16092795051439268, 0.15055746523391117, 0.24722327866420726]","[163.17518725654375, -77.61204069306538]",2018-11-05T00:00:00,"[0.5333772781599809, 0.5049211557237983, 0.51890177489068, 0.4197173588509962, 0.09419037852355513, 0.08837591434077198, 0.5110212984250032]","[163.17537161413546, -77.5996182219057]",42,"{""type"":""MultiPoint"",""coordinates"":[]}"
43,"[0.23087214203408402, 0.1912991638236574, 0.187231716439647, 0.17437903111309025, 0.1502701314189497, 0.1421639996775511, 0.1859450671164873]","[163.17518725654375, -77.61204069306538]",2018-11-07T00:00:00,"[0.48345082094601527, 0.4605747053980964, 0.464182664186888, 0.3475266411657889, 0.03241107110320438, 0.03070708099518843, 0.4652911640447456]","[163.17537161413546, -77.5996182219057]",43,"{""type"":""MultiPoint"",""coordinates"":[]}"
44,"[0.3554023582114583, 0.3129985798040681, 0.3176429099895663, 0.30761998772484067, 0.16595915934132813, 0.16176613949797183, 0.31453348525780217]","[163.17518725654375, -77.61204069306538]",2018-11-08T00:00:00,"[0.46790795842986393, 0.42766739846757823, 0.4296073077534609, 0.35484631235644143, 0.09808160403539393, 0.09734087196371213, 0.43250651031271453]","[163.17537161413546, -77.5996182219057]",44,"{""type"":""MultiPoint"",""coordinates"":[]}"
45,"[0.2250283774262406, 0.18705334074642527, 0.18234610804312842, 0.17456326958416743, 0.15959689914343567, 0.14891482089255367, 0.18174113759505497]","[163.17518725654375, -77.61204069306538]",2018-11-12T00:00:00,"[0.4889193290343568, 0.4673672355004206, 0.47231882969661854, 0.3486294433395005, 0.03170365968999887, 0.029022282958846186, 0.4726416652999643]","[163.17537161413546, -77.5996182219057]",45,"{""type"":""MultiPoint"",""coordinates"":[]}"
46,"[0.21195480377762152, 0.17374656310965617, 0.1698025952275435, 0.15944955129205857, 0.14479745357879917, 0.1370998880404028, 0.16910722247864596]","[163.17518725654375, -77.61204069306538]",2018-11-17T00:00:00,"[0.4704667744999133, 0.44217219637677546, 0.44499579441884857, 0.3382643760790995, 0.032219926413818385, 0.03094342413303836, 0.4456059384685087]","[163.17537161413546, -77.5996182219057]",46,"{""type"":""MultiPoint"",""coordinates"":[]}"
47,"[0.21437023992746662, 0.1813556805453619, 0.17611756039626986, 0.1656488592490157, 0.15408922031119604, 0.14640842531808038, 0.17900063039114156]","[163.17518725654375, -77.61204069306538]",2018-11-19T00:00:00,"[0.4699791462572351, 0.4502569056891821, 0.4447712030823782, 0.3060173451674966, 0.023535785417351667, 0.022090940355235723, 0.45150305392065454]","[163.17537161413546, -77.5996182219057]",47,"{""type"":""MultiPoint"",""coordinates"":[]}"
48,"[0.20490004922805302, 0.17021233001754751, 0.1672370790929229, 0.15599110107363656, 0.14883334892274944, 0.14130554842802145, 0.1701487272842758]","[163.17518725654375, -77.61204069306538]",2018-11-24T00:00:00,"[0.4601524754373071, 0.44292648329814366, 0.4440568494970722, 0.3294754385088402, 0.01528151740015668, 0.014019994734539855, 0.4479545682404913]","[163.17537161413546, -77.5996182219057]",48,"{""type"":""MultiPoint"",""coordinates"":[]}"
49,"[0.19858378526633522, 0.16600887424075084, 0.16008548243603182, 0.15225941331144002, 0.15066066997830457, 0.14184040765218245, 0.16370735166320075]","[163.17518725654375, -77.61204069306538]",2018-11-26T00:00:00,"[0.4647461993373267, 0.44771172621831495, 0.4533932137695504, 0.35533374538092055, 0.013687823813578004, 0.012432008606935628, 0.4529751403800024]","[163.17537161413546, -77.5996182219057]",49,"{""type"":""MultiPoint"",""coordinates"":[]}"
50,"[0.20718376253407284, 0.17189115094657131, 0.16778804426533372, 0.15987232541558966, 0.15651420075205705, 0.1468483819193779, 0.16863289819065805]","[163.17518725654375, -77.61204069306538]",2018-11-28T00:00:00,"[0.46820852424226805, 0.44583472303261373, 0.4489744614627777, 0.3469217499944214, 0.014920701691034507, 0.013555420154003298, 0.44771464312691106]","[163.17537161413546, -77.5996182219057]",50,"{""type"":""MultiPoint"",""coordinates"":[]}"
51,"[0.20497725906104666, 0.17162086886965444, 0.16709888501438402, 0.15925367316643785, 0.15606862860890222, 0.14607830582307416, 0.1695426167345802]","[163.17518725654375, -77.61204069306538]",2018-11-30T00:00:00,"[0.44272089003912557, 0.4156611836824004, 0.4152253136792848, 0.3147325314011061, 0.013018752656976206, 0.011710172737430429, 0.4164681055382147]","[163.17537161413546, -77.5996182219057]",51,"{""type"":""MultiPoint"",""coordinates"":[]}"
52,"[0.20272804514558448, 0.1708262692823192, 0.16582292975253177, 0.15731345328065072, 0.158588479723279, 0.14922072331028657, 0.16899158690546337]","[163.17518725654375, -77.61204069306538]",2018-12-05T00:00:00,"[0.47626029076700915, 0.4599945000656294, 0.46104637033616697, 0.35841324950793196, 0.012186086054849313, 0.01116740548905569, 0.4592609675451997]","[163.17537161413546, -77.5996182219057]",52,"{""type"":""MultiPoint"",""coordinates"":[]}"
53,"[0.24028446385173877, 0.21037694428783624, 0.2136127057836252, 0.20580981797708478, 0.15132260887248508, 0.14335886634816208, 0.21168741964744725]","[163.17518725654375, -77.61204069306538]",2018-12-19T00:00:00,"[0.5606903399046139, 0.5529468910479558, 0.5820148607603834, 0.5147057355988567, 0.062059418414774456, 0.06087639564924501, 0.5568642009835686]","[163.17537161413546, -77.5996182219057]",53,"{""type"":""MultiPoint"",""coordinates"":[]}"
54,"[0.5023956583404723, 0.455554908256783, 0.47137801197863294, 0.4792410914467947, 0.21715668644971522, 0.21782351064317518, 0.46396267984818684]","[163.17518725654375, -77.61204069306538]",2018-12-25T00:00:00,"[0.5433950654864834, 0.4976636068046628, 0.5134057314659597, 0.5146766604785057, 0.2167795416835787, 0.2167524589101943, 0.5039334664811282]","[163.17537161413546, -77.5996182219057]",54,"{""type"":""MultiPoint"",""coordinates"":[]}"
55,"[0.20054373302753561, 0.16051577722894014, 0.15284710563278273, 0.14235112469093747, 0.13616772881694356, 0.12652709853398753, 0.15871503340841542]","[163.17518725654375, -77.61204069306538]",2018-12-30T00:00:00,"[0.5566704945422195, 0.530558442521374, 0.5497526549928922, 0.48290396630300886, 0.025225311516205298, 0.02566818009442062, 0.5380723090777807]","[163.17537161413546, -77.5996182219057]",55,"{""type"":""MultiPoint"",""coordinates"":[]}"
56,"[0.19887214767721606, 0.16246796371080727, 0.1578113277940008, 0.1509334677241292, 0.1573014263823948, 0.14637476815056796, 0.16129925894025995]","[163.17518725654375, -77.61204069306538]",2019-01-01T00:00:00,"[0.541146523138533, 0.5161037161300958, 0.5330003804108971, 0.45170505728546684, 0.012445556779112871, 0.011831473972670783, 0.5268901883609455]","[163.17537161413546, -77.5996182219057]",56,"{""type"":""MultiPoint"",""coordinates"":[]}"
57,"[0.19475462325212142, 0.1607405495991978, 0.1562305068287113, 0.1491541331376257, 0.15388611320418547, 0.1440147724714999, 0.15905404108924417]","[163.17518725654375, -77.61204069306538]",2019-01-04T00:00:00,"[0.5248819073686954, 0.5050345061115458, 0.5187100665479581, 0.4276780844727413, 0.010085690653752102, 0.009398859398399633, 0.5117737407877949]","[163.17537161413546, -77.5996182219057]",57,"{""type"":""MultiPoint"",""coordinates"":[]}"
58,"[0.20133960055924305, 0.16568904533515574, 0.16122123936427696, 0.15402953047689644, 0.15890741172472606, 0.14851105980751986, 0.16455663117594416]","[163.17518725654375, -77.61204069306538]",2019-01-06T00:00:00,"[0.5486811374834314, 0.5294493300758835, 0.5453227224619627, 0.44744717320125904, 0.011620607574295857, 0.011094562014725072, 0.5401211931962242]","[163.17537161413546, -77.5996182219057]",58,"{""type"":""MultiPoint"",""coordinates"":[]}"
59,"[0.2020477955330695, 0.16375068429740813, 0.15916766649547942, 0.15206275115068438, 0.15767241567766388, 0.14757097490156548, 0.16138143581018505]","[163.17518725654375, -77.61204069306538]",2019-01-10T00:00:00,"[0.5197089821166682, 0.49444514660003747, 0.5073998988069366, 0.4111134907156863, 0.01176943209151401, 0.010951421951284745, 0.5010269147670314]","[163.17537161413546, -77.5996182219057]",59,"{""type"":""MultiPoint"",""coordinates"":[]}"
60,"[0.2875759219926531, 0.24861650259312695, 0.24804270632077652, 0.23927261300099228, 0.1462413329170689, 0.13902016623176366, 0.2490995774219591]","[163.17518725654375, -77.61204069306538]",2019-01-11T00:00:00,"[0.49536673181903157, 0.461958870018876, 0.4693767825265759, 0.40280843109071646, 0.06978801752810428, 0.06815135829328371, 0.46600313048436515]","[163.17537161413546, -77.5996182219057]",60,"{""type"":""MultiPoint"",""coordinates"":[]}"
61,"[0.20235504021702172, 0.16532011580815584, 0.1592022634799237, 0.1503259637540791, 0.15478799895771556, 0.1445603895165605, 0.16327641507003235]","[163.17518725654375, -77.61204069306538]",2019-01-15T00:00:00,"[0.5599031522079753, 0.5394837119480088, 0.5597267156275177, 0.486489400401501, 0.022216327261396395, 0.022099269870647257, 0.5444622059406747]","[163.17537161413546, -77.5996182219057]",61,"{""type"":""MultiPoint"",""coordinates"":[]}"
62,"[0.20603518660748463, 0.16552437286588875, 0.15909978367858477, 0.15025793576098612, 0.15346418866759295, 0.14344633676714977, 0.16353391090636402]","[163.17518725654375, -77.61204069306538]",2019-01-24T00:00:00,"[0.576078131749625, 0.5477699241209866, 0.5703380342255042, 0.5037892946165387, 0.026229501020247112, 0.027164946496159463, 0.5506325690265153]","[163.17537161413546, -77.5996182219057]",62,"{""type"":""MultiPoint"",""coordinates"":[]}"
63,"[0.20867945420772674, 0.16692817701338133, 0.15983502515104375, 0.15147730541400198, 0.15323766804276498, 0.14182867193338158, 0.16397005329876863]","[163.17518725654375, -77.61204069306538]",2019-01-26T00:00:00,"[0.5383953082002535, 0.5091072277828338, 0.5280789777995943, 0.4565813837180418, 0.01840846200419681, 0.01793301964384943, 0.510587634711916]","[163.17537161413546, -77.5996182219057]",63,"{""type"":""MultiPoint"",""coordinates"":[]}"
64,"[0.2107014674936524, 0.17298179129653288, 0.1696761404043491, 0.1643215969516372, 0.16584283819074744, 0.15540107086362337, 0.17279774150562602]","[163.17518725654375, -77.61204069306538]",2019-01-27T00:00:00,"[0.5701355204599289, 0.5528073816833105, 0.5834774512687605, 0.5150147583019765, 0.020170541438906144, 0.020102900616448597, 0.5587142562432899]","[163.17537161413546, -77.5996182219057]",64,"{""type"":""MultiPoint"",""coordinates"":[]}"
65,"[0.1975050957303066, 0.1489683979299308, 0.14048083502375158, 0.12908533013218562, 0.11888358798597479, 0.11116537783524988, 0.14689659337449326]","[163.17518725654375, -77.61204069306538]",2019-11-04T00:00:00,"[0.40733542673113093, 0.351382907766175, 0.34809743898372836, 0.26283164332041214, 0.018764268544544528, 0.01746024110680865, 0.34933205571990333]","[163.17537161413546, -77.5996182219057]",65,"{""type"":""MultiPoint"",""coordinates"":[]}"
66,"[0.2141136441724771, 0.16845827205415947, 0.16401552201438274, 0.15777958218500432, 0.15062856349721368, 0.1408684895154201, 0.1686555846224277]","[163.17518725654375, -77.61204069306538]",2019-11-06T00:00:00,"[0.4874407183813103, 0.44758603749190806, 0.4622026981936781, 0.3600849918107487, 0.022007915379114448, 0.020375241251504684, 0.45057820058635706]","[163.17537161413546, -77.5996182219057]",66,"{""type"":""MultiPoint"",""coordinates"":[]}"
67,"[0.21107234270729267, 0.16579084723899565, 0.16218789421595986, 0.15551474534803195, 0.14977062455208565, 0.14011280576054058, 0.16439769633211607]","[163.17518725654375, -77.61204069306538]",2019-11-08T00:00:00,"[0.4759962458210566, 0.4363648105808129, 0.4497797529517489, 0.3520997200531457, 0.024383377683246454, 0.022689542615026464, 0.4379859309962903]","[163.17537161413546, -77.5996182219057]",67,"{""type"":""MultiPoint"",""coordinates"":[]}"
68,"[0.21179397551764056, 0.16734440201155218, 0.16325514610025937, 0.1583233299739933, 0.15200024662180384, 0.14294912321701553, 0.16493229005141288]","[163.17518725654375, -77.61204069306538]",2019-11-10T00:00:00,"[0.47578061849601727, 0.43637192909938727, 0.44916976957407834, 0.3520258952204774, 0.026347971354131687, 0.024897766243607258, 0.441097804462416]","[163.17537161413546, -77.5996182219057]",68,"{""type"":""MultiPoint"",""coordinates"":[]}"
69,"[0.2067380071710461, 0.16340166774156858, 0.15884538970598866, 0.15232202160110866, 0.14951692055224128, 0.14114231222738133, 0.16307505716762555]","[163.17518725654375, -77.61204069306538]",2019-11-11T00:00:00,"[0.4861444665804786, 0.44749292434490123, 0.45954099018044925, 0.35793471460297793, 0.026380986856312644, 0.024881794813004312, 0.4517620449436328]","[163.17537161413546, -77.5996182219057]",69,"{""type"":""MultiPoint"",""coordinates"":[]}"
70,"[0.2134817202080894, 0.16981809654880464, 0.16586273720826, 0.1589048746707418, 0.15600252417700225, 0.14679130533728896, 0.16868560977276612]","[163.17518725654375, -77.61204069306538]",2019-11-15T00:00:00,"[0.5107870377863463, 0.4708052712206534, 0.4850869107251231, 0.38581371410063303, 0.033521468844321375, 0.03232523291922024, 0.47681151375473524]","[163.17537161413546, -77.5996182219057]",70,"{""type"":""MultiPoint"",""coordinates"":[]}"
71,"[0.21279885128633358, 0.17218647085809094, 0.1702711005158219, 0.16522313587592827, 0.16110601693922005, 0.1526678669059953, 0.17231197601777323]","[163.17518725654375, -77.61204069306538]",2019-11-17T00:00:00,"[0.4971271478363037, 0.4617945205987317, 0.47616545514000186, 0.37782261148875373, 0.03058291272697626, 0.029011658093522113, 0.46610470937358456]","[163.17537161413546, -77.5996182219057]",71,"{""type"":""MultiPoint"",""coordinates"":[]}"
72,"[0.2635890812111152, 0.22819416898094264, 0.22777489615754343, 0.21678366794953413, 0.16340196074700308, 0.15252034021901203, 0.2270742278728289]","[163.17518725654375, -77.61204069306538]",2019-11-24T00:00:00,"[0.45578939656286366, 0.4236062448895884, 0.4288662862482928, 0.35027315371198103, 0.06571823003247625, 0.06246376038705099, 0.42516423379776486]","[163.17537161413546, -77.5996182219057]",72,"{""type"":""MultiPoint"",""coordinates"":[]}"
73,"[0.18508716784294135, 0.14592223553319492, 0.1341128029170648, 0.12066938973691609, 0.08878541814956739, 0.08426043380442197, 0.13776492370694604]","[163.17518725654375, -77.61204069306538]",2019-11-26T00:00:00,"[0.3864785643491655, 0.3472927615039454, 0.34631390452715166, 0.29377017238197933, 0.08270836274892959, 0.0770055006709536, 0.3417929753335969]","[163.17537161413546, -77.5996182219057]",73,"{""type"":""MultiPoint"",""coordinates"":[]}"
74,"[0.19649797649467574, 0.16158164434549746, 0.15871267085516322, 0.1527591706398802, 0.15474728599764254, 0.14555698252222998, 0.16236302788602888]","[163.17518725654375, -77.61204069306538]",2019-11-27T00:00:00,"[0.4678375453499875, 0.44471232492483487, 0.45962525534191684, 0.3771076488918521, 0.013909744179135144, 0.012786892475104113, 0.44811540112150056]","[163.17537161413546, -77.5996182219057]",74,"{""type"":""MultiPoint"",""coordinates"":[]}"
75,"[0.2000116500667085, 0.16316871798236862, 0.15876373887134637, 0.15229827234651153, 0.15797329875219412, 0.14819511895790027, 0.16304767687814387]","[163.17518725654375, -77.61204069306538]",2019-12-03T00:00:00,"[0.4534806388691869, 0.4233815597989303, 0.4348263293172481, 0.36227827878241897, 0.010776468751926001, 0.009879661959240272, 0.4242190472898946]","[163.17537161413546, -77.5996182219057]",75,"{""type"":""MultiPoint"",""coordinates"":[]}"
76,"[0.5145678503752188, 0.4650018042570713, 0.4810984283917522, 0.4907567858502447, 0.17688261048603324, 0.17386750964296527, 0.46950354217184675]","[163.17518725654375, -77.61204069306538]",2019-12-10T00:00:00,"[0.8748988382083873, 0.8249991315738967, 0.8743493952998259, 0.8984050015671559, 0.17442175729855772, 0.17798250633235335, 0.8409719114673756]","[163.17537161413546, -77.5996182219057]",76,"{""type"":""MultiPoint"",""coordinates"":[]}"
77,"[0.37094939335639393, 0.3172092651841864, 0.32019649047349324, 0.3196190915967022, 0.1462261474927643, 0.1396285480211256, 0.3186715515772059]","[163.17518725654375, -77.61204069306538]",2019-12-12T00:00:00,"[0.5888645575301211, 0.5296970341291937, 0.5476332130597077, 0.5419041083037196, 0.1213353299342952, 0.11971467783872551, 0.5366114198166844]","[163.17537161413546, -77.5996182219057]",77,"{""type"":""MultiPoint"",""coordinates"":[]}"
78,"[0.2123529023775541, 0.17104085012116216, 0.1639581917778996, 0.15390392942582767, 0.1552257056091681, 0.14440403806113308, 0.1693447389100196]","[163.17518725654375, -77.61204069306538]",2019-12-17T00:00:00,"[0.6303631556121878, 0.5953541924748726, 0.623688700376157, 0.5954477874324673, 0.04105931459024069, 0.04202157866596593, 0.6002690998712639]","[163.17537161413546, -77.5996182219057]",78,"{""type"":""MultiPoint"",""coordinates"":[]}"
79,"[0.20155229742985203, 0.164016507151186, 0.15925691360401725, 0.15175687885631978, 0.15701126990617953, 0.14688833303125104, 0.1635047644507794]","[163.17518725654375, -77.61204069306538]",2019-12-24T00:00:00,"[0.5398617819445928, 0.5141685078630704, 0.5347708322298573, 0.45589126488556914, 0.01409877195771091, 0.013075552648389553, 0.5155464980249652]","[163.17537161413546, -77.5996182219057]",79,"{""type"":""MultiPoint"",""coordinates"":[]}"
80,"[0.2000799133747701, 0.1632670808417431, 0.15878588006455785, 0.1513803650848131, 0.15675116960128863, 0.14610760484848606, 0.1617235769906112]","[163.17518725654375, -77.61204069306538]",2019-12-26T00:00:00,"[0.5258454628131186, 0.5034333830282144, 0.5230809324504992, 0.44423904646313606, 0.012120464788248317, 0.011122538928003174, 0.5015191995536191]","[163.17537161413546, -77.5996182219057]",80,"{""type"":""MultiPoint"",""coordinates"":[]}"
81,"[0.22859708872391715, 0.1910562325937535, 0.18676737044516875, 0.1801465545097852, 0.17590916133584955, 0.1635696663489919, 0.19031115600110088]","[163.17518725654375, -77.61204069306538]",2019-12-29T00:00:00,"[0.5183064655757146, 0.4992945641188611, 0.5195992694002705, 0.46572267960659613, 0.07058719463425425, 0.06913320334163475, 0.49910313383919686]","[163.17537161413546, -77.5996182219057]",81,"{""type"":""MultiPoint"",""coordinates"":[]}"
82,"[0.24226372304610563, 0.20555612779430504, 0.20136647608814331, 0.19151563189461607, 0.13126787879008894, 0.12376217284369417, 0.2046294392489826]","[163.17518725654375, -77.61204069306538]",2019-12-31T00:00:00,"[0.47649656570519094, 0.4458434049680132, 0.45675624812481325, 0.4052321983868911, 0.06252623049134692, 0.06124076250462094, 0.44591370073736264]","[163.17537161413546, -77.5996182219057]",82,"{""type"":""MultiPoint"",""coordinates"":[]}"
83,"[0.20477256717527376, 0.16856234465385334, 0.16259969315194697, 0.1535368139506483, 0.157452633932383, 0.14551686452954815, 0.1662565880539307]","[163.17518725654375, -77.61204069306538]",2020-01-02T00:00:00,"[0.5032206452840824, 0.4806694464823353, 0.4980352060709133, 0.43098631254942565, 0.013629391504143693, 0.012601696370154038, 0.4776758896898605]","[163.17537161413546, -77.5996182219057]",83,"{""type"":""MultiPoint"",""coordinates"":[]}"
84,"[0.20296056546648336, 0.16397131293425415, 0.15901677252910357, 0.15059026528830485, 0.1533817889203256, 0.14308007301887818, 0.16237379598946564]","[163.17518725654375, -77.61204069306538]",2020-01-11T00:00:00,"[0.5368157042964762, 0.5067810755663246, 0.5313182508701425, 0.4987949934708703, 0.02886180390994151, 0.029347150724787198, 0.5035310931084453]","[163.17537161413546, -77.5996182219057]",84,"{""type"":""MultiPoint"",""coordinates"":[]}"
85,"[0.20223234356082687, 0.16192653789427844, 0.1562278610848529, 0.1492936559727572, 0.15348109058410317, 0.14299086891333948, 0.1605299011075447]","[163.17518725654375, -77.61204069306538]",2020-01-20T00:00:00,"[0.4794001572760816, 0.4480181130498867, 0.4633164819463122, 0.40307984742495856, 0.01817632687533748, 0.017327844942112293, 0.4418232830064006]","[163.17537161413546, -77.5996182219057]",85,"{""type"":""MultiPoint"",""coordinates"":[]}"
86,"[0.2740449048843337, 0.2378981710024602, 0.23233020611861824, 0.21603012417296233, 0.12840472253648427, 0.12246744928859221, 0.23198295941612015]","[163.17518725654375, -77.61204069306538]",2020-10-30T00:00:00,"[0.6309721051587517, 0.6115340278338888, 0.6299262204050864, 0.566439108722605, 0.039188755016969515, 0.0407960277190926, 0.6294961739159074]","[163.17537161413546, -77.5996182219057]",86,"{""type"":""MultiPoint"",""coordinates"":[]}"
87,"[0.3389234038890476, 0.3062722758874915, 0.3043338210368393, 0.29197331390272474, 0.16641908413315712, 0.16007547710915665, 0.30834486211079226]","[163.17518725654375, -77.61204069306538]",2020-11-08T00:00:00,"[0.7297745548014012, 0.7090770271966347, 0.7372298140387609, 0.6986730352993485, 0.07993734959842919, 0.0828118740844812, 0.7277310916309652]","[163.17537161413546, -77.5996182219057]",87,"{""type"":""MultiPoint"",""coordinates"":[]}"
88,"[0.24073063670028522, 0.20856188831274183, 0.2008323915545175, 0.18491063451606485, 0.14310642032313473, 0.13634468329692245, 0.21889623629258986]","[163.17518725654375, -77.61204069306538]",2020-11-15T00:00:00,"[0.6064764434329144, 0.5924830872737412, 0.6029746710940008, 0.5294857521432369, 0.035097665018977466, 0.035649536287756994, 0.6052395383390766]","[163.17537161413546, -77.5996182219057]",88,"{""type"":""MultiPoint"",""coordinates"":[]}"
89,"[0.24507624173788511, 0.21416648660619433, 0.20604180547285977, 0.18949487111867303, 0.148163368524649, 0.14095861517406477, 0.2110275942551253]","[163.17518725654375, -77.61204069306538]",2020-11-17T00:00:00,"[0.6114819582737214, 0.5933690415641825, 0.6033288177509788, 0.5283219622732874, 0.03396301476137496, 0.034073565898010215, 0.6038843531172369]","[163.17537161413546, -77.5996182219057]",89,"{""type"":""MultiPoint"",""coordinates"":[]}"
90,"[0.24200466309789298, 0.20596410807866988, 0.19934988975412007, 0.1879605695565965, 0.1494022336653215, 0.14167870554639833, 0.21287654354782282]","[163.17518725654375, -77.61204069306538]",2020-11-19T00:00:00,"[0.5898682465425064, 0.5673055537012281, 0.5814899937597998, 0.5115389540921383, 0.03240512160456093, 0.03246943098492606, 0.581448172213749]","[163.17537161413546, -77.5996182219057]",90,"{""type"":""MultiPoint"",""coordinates"":[]}"
91,"[0.2368232562471723, 0.20643066612699074, 0.19889162925658474, 0.18433292194881384, 0.15336242677603698, 0.1442312118242326, 0.20595661139952706]","[163.17518725654375, -77.61204069306538]",2020-11-24T00:00:00,"[0.5983645329341862, 0.5829044101842472, 0.5948011161012347, 0.5210264975936354, 0.03149448419437159, 0.03150175697723982, 0.5964661482584395]","[163.17537161413546, -77.5996182219057]",91,"{""type"":""MultiPoint"",""coordinates"":[]}"
92,"[0.2286114881384287, 0.19628858974319766, 0.19111344712170686, 0.17922023465203102, 0.1526647211229947, 0.1443960856854702, 0.20112734430658633]","[163.17518725654375, -77.61204069306538]",2020-11-26T00:00:00,"[0.5754500368033524, 0.5593029334028702, 0.5723849975549724, 0.4966405797818973, 0.027324973754763487, 0.027016018284185858, 0.5650620714517616]","[163.17537161413546, -77.5996182219057]",92,"{""type"":""MultiPoint"",""coordinates"":[]}"
93,"[0.22536980785968244, 0.19310306869726945, 0.1855839571227548, 0.17413674644520566, 0.15469887538981325, 0.14482679353880884, 0.19136909146834824]","[163.17518725654375, -77.61204069306538]",2020-11-28T00:00:00,"[0.5605691952984379, 0.5363982571141074, 0.5490631904282139, 0.4788174626694506, 0.025991131585856753, 0.025469071842827196, 0.5461023517894822]","[163.17537161413546, -77.5996182219057]",93,"{""type"":""MultiPoint"",""coordinates"":[]}"
94,"[0.2162244997105659, 0.18167688524352918, 0.17410430608506633, 0.16685322902807884, 0.15100551060694664, 0.14147256168293093, 0.1784525020871426]","[163.17518725654375, -77.61204069306538]",2020-11-29T00:00:00,"[0.5635519262004821, 0.5357993493534554, 0.5513826350482458, 0.4834156349038572, 0.025160337691831767, 0.02474241106150575, 0.5443820568180014]","[163.17537161413546, -77.5996182219057]",94,"{""type"":""MultiPoint"",""coordinates"":[]}"
95,"[0.2116615702907473, 0.17960726800427276, 0.17426053871222547, 0.1639018884968275, 0.1516911460492798, 0.14262857930868944, 0.18226579267125664]","[163.17518725654375, -77.61204069306538]",2020-12-01T00:00:00,"[0.5433705721897947, 0.5251594638934806, 0.5373499559458909, 0.468768757967504, 0.023808781721685015, 0.023304013773040342, 0.5304179679307655]","[163.17537161413546, -77.5996182219057]",95,"{""type"":""MultiPoint"",""coordinates"":[]}"
96,"[0.21672686189463475, 0.18187956730406418, 0.17671538934364595, 0.16619011516730864, 0.15752876538014468, 0.14909366503290342, 0.18091921241294862]","[163.17518725654375, -77.61204069306538]",2020-12-03T00:00:00,"[0.5545150931441583, 0.5263480950240291, 0.5429935363666181, 0.47641258562998895, 0.026425129067373977, 0.026117939751112762, 0.5330696053041346]","[163.17537161413546, -77.5996182219057]",96,"{""type"":""MultiPoint"",""coordinates"":[]}"
97,"[0.20122014464907378, 0.16571332828275867, 0.1634526546102798, 0.15438136248331158, 0.15374224982298423, 0.14600248353181958, 0.16580121141643506]","[163.17518725654375, -77.61204069306538]",2020-12-08T00:00:00,"[0.5107660985167757, 0.4799653735706737, 0.49452527787272854, 0.4262489177219674, 0.019596897428641992, 0.01897649276548826, 0.4784270120519986]","[163.17537161413546, -77.5996182219057]",97,"{""type"":""MultiPoint"",""coordinates"":[]}"
98,"[0.20667501651131148, 0.1714916590532913, 0.16780173357999237, 0.1599431229169512, 0.15920448462384756, 0.15025320360558614, 0.16803869477150069]","[163.17518725654375, -77.61204069306538]",2020-12-10T00:00:00,"[0.5329072132931151, 0.5091215474715419, 0.5269127877956546, 0.4576242679088118, 0.016287521115665858, 0.015661880402584715, 0.509950485747212]","[163.17537161413546, -77.5996182219057]",98,"{""type"":""MultiPoint"",""coordinates"":[]}"
99,"[0.27868192299957534, 0.24293153981838142, 0.24113778770070735, 0.2287913457588342, 0.16616026966048292, 0.15208959327671107, 0.24549003208509307]","[163.17518725654375, -77.61204069306538]",2020-12-14T00:00:00,"[0.43556519764338425, 0.3849142591527697, 0.36747486391113254, 0.30064442261079943, 0.055572878062708955, 0.05171507883621392, 0.3734267049987979]","[163.17537161413546, -77.5996182219057]",99,"{""type"":""MultiPoint"",""coordinates"":[]}"
100,"[0.21115222675390027, 0.17657363225463307, 0.16985018091301607, 0.15737228171030138, 0.13611918571094836, 0.1277369612764015, 0.17528655057402429]","[163.17518725654375, -77.61204069306538]",2020-12-15T00:00:00,"[0.543921956205906, 0.5250388399450113, 0.5430914751984495, 0.47030652893265307, 0.03411728835114554, 0.03326415523089321, 0.526072292601802]","[163.17537161413546, -77.5996182219057]",100,"{""type"":""MultiPoint"",""coordinates"":[]}"
101,"[0.2294691968186334, 0.19856056168111946, 0.19299434681432392, 0.18230247074806308, 0.16444408112088188, 0.15236854062229238, 0.1966687272930471]","[163.17518725654375, -77.61204069306538]",2020-12-21T00:00:00,"[0.47732353052588117, 0.46231456181784103, 0.4685939540956303, 0.4013235562476393, 0.02564195805098303, 0.023183301676251735, 0.4492243357296208]","[163.17537161413546, -77.5996182219057]",101,"{""type"":""MultiPoint"",""coordinates"":[]}"
102,"[0.20038622367436876, 0.1683788213346902, 0.16563151654722666, 0.15957700214342116, 0.16670050855612864, 0.15599056677381878, 0.1678547133063944]","[163.17518725654375, -77.61204069306538]",2020-12-24T00:00:00,"[0.4568146417937675, 0.4383067444473271, 0.45414278334028424, 0.3932905304907915, 0.015443173909728354, 0.013520525912304024, 0.42823816890145033]","[163.17537161413546, -77.5996182219057]",102,"{""type"":""MultiPoint"",""coordinates"":[]}"
103,"[0.20121551091814693, 0.16628914096052558, 0.1627717464245003, 0.15559698858925905, 0.16168701401149063, 0.1516515735254827, 0.16554889544771043]","[163.17518725654375, -77.61204069306538]",2020-12-26T00:00:00,"[0.4335152881506786, 0.4037663403229733, 0.4103278432308955, 0.3365983846710949, 0.01340589507997467, 0.01190224757046665, 0.3904237781019759]","[163.17537161413546, -77.5996182219057]",103,"{""type"":""MultiPoint"",""coordinates"":[]}"
104,"[0.201384313987684, 0.1648666814906038, 0.16055651296562404, 0.15391524374255192, 0.15905678950122631, 0.1502537226484213, 0.16201952293838776]","[163.17518725654375, -77.61204069306538]",2020-12-30T00:00:00,"[0.4204737931443633, 0.3852035345322264, 0.39022826059719445, 0.3229280959656976, 0.01408750954202456, 0.012201153149838507, 0.3720657039557298]","[163.17537161413546, -77.5996182219057]",104,"{""type"":""MultiPoint"",""coordinates"":[]}"
105,"[0.1999780718326116, 0.16464641082938397, 0.16044257768317485, 0.15352269836681856, 0.16070088413944988, 0.14953097648052258, 0.1629406314731039]","[163.17518725654375, -77.61204069306538]",2021-01-06T00:00:00,"[0.3971249648956229, 0.3636947059766657, 0.36845530631469564, 0.29464860064066317, 0.012961990511011259, 0.01076071252479458, 0.34970415046763376]","[163.17537161413546, -77.5996182219057]",105,"{""type"":""MultiPoint"",""coordinates"":[]}"
106,"[0.2947550613337615, 0.25840174920389736, 0.26035833847036477, 0.25151674708498023, 0.1565429246861888, 0.14923734289399262, 0.25761277383068754]","[163.17518725654375, -77.61204069306538]",2021-01-13T00:00:00,"[0.41533673012766453, 0.3796924039299652, 0.38540343625844625, 0.3385701056034467, 0.08817531350283003, 0.08588207507103685, 0.3709465572136687]","[163.17537161413546, -77.5996182219057]",106,"{""type"":""MultiPoint"",""coordinates"":[]}"
107,"[0.20482298218231434, 0.16775823530430378, 0.1612146631138239, 0.15184548315358065, 0.15586994710443042, 0.14670780410158898, 0.16608187016083312]","[163.17518725654375, -77.61204069306538]",2021-01-16T00:00:00,"[0.39898313020872145, 0.3724949298058157, 0.37500195132825076, 0.30817060982703387, 0.016016181643945804, 0.013885189955664597, 0.3591957080908685]","[163.17537161413546, -77.5996182219057]",107,"{""type"":""MultiPoint"",""coordinates"":[]}"
108,"[0.3009918931795297, 0.26881733822990295, 0.27603844266609373, 0.27344230892314214, 0.20361903679049925, 0.1906992461322439, 0.274418671417162]","[163.17518725654375, -77.61204069306538]",2021-01-18T00:00:00,"[0.4752964141638519, 0.44706606806133997, 0.46157656740791114, 0.40373091336746714, 0.08611064011811341, 0.08460254378455223, 0.4411188937785553]","[163.17537161413546, -77.5996182219057]",108,"{""type"":""MultiPoint"",""coordinates"":[]}"
109,"[0.2036260868863873, 0.16500469203679272, 0.15853323177161396, 0.1500967729581931, 0.15594131011811455, 0.14624351165674138, 0.16307319059331943]","[163.17518725654375, -77.61204069306538]",2021-01-22T00:00:00,"[0.35164297740529193, 0.31567302716820556, 0.3117394224106238, 0.24237409205555424, 0.017837748568575267, 0.014147312694296072, 0.29664140608083406]","[163.17537161413546, -77.5996182219057]",109,"{""type"":""MultiPoint"",""coordinates"":[]}"
110,"[0.19896544308944006, 0.15890246199805924, 0.15215053980517254, 0.14214517257294712, 0.14773390602756642, 0.13717171903703412, 0.1576888169159644]","[163.17518725654375, -77.61204069306538]",2021-02-01T00:00:00,"[0.34680549935000754, 0.31051959236419946, 0.30727933144965647, 0.24024527558852882, 0.016948378084145763, 0.014383172561745447, 0.29656264905844676]","[163.17537161413546, -77.5996182219057]",110,"{""type"":""MultiPoint"",""coordinates"":[]}"
111,"[0.28389244197162156, 0.24733556111324367, 0.24010933864780326, 0.2217171380311091, 0.12944866282971113, 0.12378435002880926, 0.24647464584789766]","[163.17518725654375, -77.61204069306538]",2021-10-31T00:00:00,"[0.6425911123370345, 0.6276037598870815, 0.6487902912503363, 0.5923957590251088, 0.042871556190613884, 0.04531710529427465, 0.6419298713911661]","[163.17537161413546, -77.5996182219057]",111,"{""type"":""MultiPoint"",""coordinates"":[]}"
112,"[0.2933891568125517, 0.2559290946029902, 0.25032408947648843, 0.2323418708479969, 0.13582951900494608, 0.12851288715097853, 0.2543571181234967]","[163.17518725654375, -77.61204069306538]",2021-11-04T00:00:00,"[0.6331499994393095, 0.6175056523458754, 0.6367688246993035, 0.5759790018739496, 0.043388708116877166, 0.043910607113793944, 0.6263564125878305]","[163.17537161413546, -77.5996182219057]",112,"{""type"":""MultiPoint"",""coordinates"":[]}"
113,"[0.2639297003462342, 0.2293008417112856, 0.2215734783673185, 0.20752783017266402, 0.13097564564710504, 0.12411210158888834, 0.22472419624987278]","[163.17518725654375, -77.61204069306538]",2021-11-09T00:00:00,"[0.6054356451651011, 0.5894682627438322, 0.6075038656186642, 0.5472944449125193, 0.038285152089993654, 0.039225615866436456, 0.602588730493548]","[163.17537161413546, -77.5996182219057]",113,"{""type"":""MultiPoint"",""coordinates"":[]}"
114,"[0.27862608170792375, 0.2448186098214843, 0.2390611953048061, 0.22196615868308087, 0.14052539819016518, 0.13326729885285787, 0.2424187887670916]","[163.17518725654375, -77.61204069306538]",2021-11-11T00:00:00,"[0.6255881853819973, 0.6127659097594769, 0.6283461140640748, 0.5613901959396795, 0.039865389309607556, 0.0405016781062665, 0.6208378219594829]","[163.17537161413546, -77.5996182219057]",114,"{""type"":""MultiPoint"",""coordinates"":[]}"
115,"[0.2848367523057998, 0.24787696521357025, 0.24787385890458524, 0.23280832589051642, 0.14604728792457694, 0.13765292327924383, 0.24052058551708713]","[163.17518725654375, -77.61204069306538]",2021-11-15T00:00:00,"[0.5845570896281704, 0.5570244704454413, 0.5755831101993218, 0.5207982367780126, 0.049651906556228885, 0.04924632740525345, 0.569505199253394]","[163.17537161413546, -77.5996182219057]",115,"{""type"":""MultiPoint"",""coordinates"":[]}"
116,"[0.2806333251670935, 0.2545171685273403, 0.25974161962948983, 0.2513426335492331, 0.17467169872678062, 0.1695429265220908, 0.25721707843334285]","[163.17518725654375, -77.61204069306538]",2021-11-20T00:00:00,"[0.6202911972741839, 0.6062247481074544, 0.6346740802351942, 0.5684989252514746, 0.04364368891317423, 0.04338337308650754, 0.6320973311265685]","[163.17537161413546, -77.5996182219057]",116,"{""type"":""MultiPoint"",""coordinates"":[]}"
117,"[0.2717974520546894, 0.23906802232175314, 0.23652445889572435, 0.22762066128994538, 0.16293565523218806, 0.1560787170377481, 0.2348524660732881]","[163.17518725654375, -77.61204069306538]",2021-11-29T00:00:00,"[0.6659388968561331, 0.6460528444554401, 0.6739587514281766, 0.6533579162492695, 0.05851741098776096, 0.061544867952406296, 0.6584303722567801]","[163.17537161413546, -77.5996182219057]",117,"{""type"":""MultiPoint"",""coordinates"":[]}"
118,"[0.24234459937820324, 0.20447507667269754, 0.19999212226783486, 0.18593151556726217, 0.14615249339959085, 0.13847379929682865, 0.20319336405495042]","[163.17518725654375, -77.61204069306538]",2021-12-01T00:00:00,"[0.5800214553795895, 0.5528067339152052, 0.5685205195600234, 0.5130727323827111, 0.036297491129869575, 0.03704548021404072, 0.5624274798490159]","[163.17537161413546, -77.5996182219057]",118,"{""type"":""MultiPoint"",""coordinates"":[]}"
119,"[0.234244707149541, 0.19828778505627712, 0.19527562767990958, 0.1790769927731339, 0.14266437241396945, 0.1355232482746184, 0.20151439338855967]","[163.17518725654375, -77.61204069306538]",2021-12-02T00:00:00,"[0.5827777979845259, 0.5598700484865606, 0.5743955581359432, 0.5110843139768864, 0.03479281392744562, 0.03517170977024853, 0.5669037660475753]","[163.17537161413546, -77.5996182219057]",119,"{""type"":""MultiPoint"",""coordinates"":[]}"
120,"[0.36643839401159506, 0.33515749258971833, 0.3359269239615742, 0.3163443959461676, 0.1500909714592589, 0.14410346210595593, 0.3371243962377605]","[163.17518725654375, -77.61204069306538]",2021-12-04T00:00:00,"[0.5560421926609915, 0.5331603039536038, 0.539311026479415, 0.4778392530882586, 0.09044383388470978, 0.08940118045504773, 0.5361276746126423]","[163.17537161413546, -77.5996182219057]",120,"{""type"":""MultiPoint"",""coordinates"":[]}"
121,"[0.23330954983069413, 0.20156071159434502, 0.1953121012278711, 0.18118143243246318, 0.14934297828005647, 0.14020522485838638, 0.20212470471701724]","[163.17518725654375, -77.61204069306538]",2021-12-06T00:00:00,"[0.5393559598985552, 0.5208985502353739, 0.5260191784864438, 0.44437669247890205, 0.024991069135082637, 0.0243094115116648, 0.5265513410194362]","[163.17537161413546, -77.5996182219057]",121,"{""type"":""MultiPoint"",""coordinates"":[]}"
122,"[0.22930182081323455, 0.19750877080541546, 0.19265036127575838, 0.17823115267579734, 0.1486931187708339, 0.14004067518182417, 0.19692289676946395]","[163.17518725654375, -77.61204069306538]",2021-12-08T00:00:00,"[0.519709099209733, 0.5026320383203375, 0.5047262542457663, 0.4179364776206205, 0.021375875228345307, 0.020679605865075706, 0.5042383365031553]","[163.17537161413546, -77.5996182219057]",122,"{""type"":""MultiPoint"",""coordinates"":[]}"
123,"[0.2078273282909574, 0.1713916342149832, 0.16455529535332025, 0.15158041689535082, 0.12273274672246709, 0.11629338395060905, 0.1683350621440337]","[163.17518725654375, -77.61204069306538]",2021-12-11T00:00:00,"[0.46777693098013917, 0.43577850570703514, 0.44323122513454477, 0.36700399273046386, 0.01676720163667444, 0.015883664146750815, 0.43960441984918314]","[163.17537161413546, -77.5996182219057]",123,"{""type"":""MultiPoint"",""coordinates"":[]}"
124,"[0.19878089930835727, 0.16401302319659852, 0.15864962979880018, 0.15159321313623497, 0.15112871257610314, 0.1428928608856609, 0.16406591962245531]","[163.17518725654375, -77.61204069306538]",2021-12-18T00:00:00,"[0.5143886194016658, 0.4857066018775818, 0.5030592343697039, 0.43495387185844947, 0.014269460454879162, 0.013129083925661696, 0.48617277799341446]","[163.17537161413546, -77.5996182219057]",124,"{""type"":""MultiPoint"",""coordinates"":[]}"
125,"[0.19524243638007113, 0.16062263216159822, 0.15655027151204554, 0.14900854432231267, 0.1498473930504441, 0.1400744224130111, 0.15923922884684405]","[163.17518725654375, -77.61204069306538]",2021-12-20T00:00:00,"[0.42580722346594835, 0.3975229490371936, 0.40768036779282274, 0.3514130330675317, 0.01709513481585317, 0.014231354244212934, 0.39267791365982757]","[163.17537161413546, -77.5996182219057]",125,"{""type"":""MultiPoint"",""coordinates"":[]}"
126,"[0.20455632854268424, 0.1668497440544104, 0.16105357030203604, 0.15236394162982983, 0.15496382291654218, 0.14387712850919765, 0.16594779963366904]","[163.17518725654375, -77.61204069306538]",2021-12-22T00:00:00,"[0.4636919925171944, 0.43269483951787424, 0.44520430059765137, 0.3858645115238727, 0.016924690647239126, 0.014943518388620477, 0.4281410487948474]","[163.17537161413546, -77.5996182219057]",126,"{""type"":""MultiPoint"",""coordinates"":[]}"
127,"[0.20298386820838502, 0.16935995099271645, 0.16415371394488842, 0.1560603088681578, 0.15820087998881677, 0.14823725986712946, 0.167859290255057]","[163.17518725654375, -77.61204069306538]",2021-12-24T00:00:00,"[0.4717501343367801, 0.4495957742070967, 0.4632570205806165, 0.40033314802277603, 0.020312410909988313, 0.018202171113215444, 0.4423634325517253]","[163.17537161413546, -77.5996182219057]",127,"{""type"":""MultiPoint"",""coordinates"":[]}"
128,"[0.28936221585587907, 0.2512663294997984, 0.2495578136691977, 0.23915746984249237, 0.16633249691565996, 0.15665109914222308, 0.2523682483595472]","[163.17518725654375, -77.61204069306538]",2022-01-05T00:00:00,"[0.44761154441791284, 0.4156439887048521, 0.4227554789649241, 0.37731265744867537, 0.05850966847588844, 0.05570513713654615, 0.41187530642030656]","[163.17537161413546, -77.5996182219057]",128,"{""type"":""MultiPoint"",""coordinates"":[]}"
129,"[0.20373704233173098, 0.16712440672899256, 0.16059857283826037, 0.15127234746544074, 0.156576922478239, 0.14756888854647165, 0.1653368261082121]","[163.17518725654375, -77.61204069306538]",2022-01-07T00:00:00,"[0.4508810213236991, 0.42058396280822635, 0.4266517561788085, 0.3559471467452858, 0.01913181614828173, 0.018034735666841523, 0.4070555474132179]","[163.17537161413546, -77.5996182219057]",129,"{""type"":""MultiPoint"",""coordinates"":[]}"
130,"[0.20961416196873112, 0.1714490285406719, 0.16305502512829478, 0.1503647924042083, 0.14829689017036785, 0.1395552865901311, 0.16882458778664838]","[163.17518725654375, -77.61204069306538]",2022-01-12T00:00:00,"[0.5347011344963276, 0.5092320838060566, 0.5304534769055812, 0.5022798955327763, 0.03844212833659832, 0.039293144225196315, 0.5068461780197419]","[163.17537161413546, -77.5996182219057]",130,"{""type"":""MultiPoint"",""coordinates"":[]}"
131,"[0.20460173183652555, 0.1659046888466352, 0.1588987588755439, 0.14861643448928638, 0.15277747738621822, 0.14339057230422422, 0.1641705798962067]","[163.17518725654375, -77.61204069306538]",2022-01-14T00:00:00,"[0.48989281702441106, 0.45682562579094477, 0.4690436155125463, 0.4189466995614161, 0.02629113373913625, 0.026036688535937408, 0.45183549766709336]","[163.17537161413546, -77.5996182219057]",131,"{""type"":""MultiPoint"",""coordinates"":[]}"
132,"[0.2010540124758455, 0.16278501129747922, 0.15702060107420185, 0.1479840564774554, 0.15341168262030694, 0.1445643358960216, 0.1609342923258232]","[163.17518725654375, -77.61204069306538]",2022-01-16T00:00:00,"[0.4551906819968085, 0.42053305188205375, 0.4301721418168076, 0.37011950760908646, 0.021598993997969797, 0.02091100576437713, 0.41554373488636576]","[163.17537161413546, -77.5996182219057]",132,"{""type"":""MultiPoint"",""coordinates"":[]}"
133,"[0.2607903741015347, 0.22030705847675172, 0.21658378967911102, 0.2060819024080627, 0.14494388006959694, 0.13466156376341168, 0.21963824643230254]","[163.17518725654375, -77.61204069306538]",2022-01-19T00:00:00,"[0.40594041257700036, 0.3719475548655251, 0.3763055803385, 0.3225394741307801, 0.05202794346285628, 0.04751676939964962, 0.3643272296173106]","[163.17537161413546, -77.5996182219057]",133,"{""type"":""MultiPoint"",""coordinates"":[]}"
134,"[0.25494716623949837, 0.22263614522086694, 0.2242806827621628, 0.21558477879800303, 0.17294957477636927, 0.15085744548636615, 0.2255566659716302]","[163.17518725654375, -77.61204069306538]",2022-01-21T00:00:00,"[0.3596598525323882, 0.3208497239120844, 0.3135052569646961, 0.24766003192034888, 0.04155149538620916, 0.03726680204549131, 0.3089439086568218]","[163.17537161413546, -77.5996182219057]",134,"{""type"":""MultiPoint"",""coordinates"":[]}"
135,"[0.2016837748495464, 0.16363806226458658, 0.15627567255673577, 0.1473218254542904, 0.15211847764906392, 0.1420906306901707, 0.1610013126232284]","[163.17518725654375, -77.61204069306538]",2022-01-25T00:00:00,"[0.3773361329661536, 0.34377768381138385, 0.34285943174082706, 0.2624850373507013, 0.01699013434263405, 0.01410350530348483, 0.33260637478956173]","[163.17537161413546, -77.5996182219057]",135,"{""type"":""MultiPoint"",""coordinates"":[]}"
136,"[0.2012235205841025, 0.16210732938092917, 0.15362712031170225, 0.1425666942913268, 0.14421673225613005, 0.1339984719393855, 0.1591224196975982]","[163.17518725654375, -77.61204069306538]",2022-01-28T00:00:00,"[0.3873419431297129, 0.35755725173231456, 0.3614560045373898, 0.28759288017664886, 0.016474202385831804, 0.013669066310067828, 0.3523233058104102]","[163.17537161413546, -77.5996182219057]",136,"{""type"":""MultiPoint"",""coordinates"":[]}"
137,"[0.21384195638978654, 0.1769216727365348, 0.1698167671481044, 0.15825327915557616, 0.15586462737274845, 0.1468134797242153, 0.1738737005759809]","[163.17518725654375, -77.61204069306538]",2022-11-07T00:00:00,"[0.3775739971709148, 0.33480889200117203, 0.29602028883761555, 0.1700072680508057, 0.037595890956469535, 0.03553771850384376, 0.3168455733152573]","[163.17537161413546, -77.5996182219057]",137,"{""type"":""MultiPoint"",""coordinates"":[]}"
138,"[0.21652148765300955, 0.18263356668845257, 0.17423266832039702, 0.1606214814165776, 0.15759236425683493, 0.14939468207676546, 0.17956910200171594]","[163.17518725654375, -77.61204069306538]",2022-11-14T00:00:00,"[0.4163348875664495, 0.38105483212492597, 0.35077644181762163, 0.24407374452021577, 0.04848312505501184, 0.04769675637279545, 0.36584060999011914]","[163.17537161413546, -77.5996182219057]",138,"{""type"":""MultiPoint"",""coordinates"":[]}"
139,"[0.3093516869711261, 0.27614749992344534, 0.2712637837072803, 0.25403926881241995, 0.15544079054835716, 0.14874327233572623, 0.2719136976239355]","[163.17518725654375, -77.61204069306538]",2022-11-16T00:00:00,"[0.3906904592315745, 0.35022989238212976, 0.3243583563304206, 0.24494740524595474, 0.08227729469408866, 0.08032222481116144, 0.3381550008924771]","[163.17537161413546, -77.5996182219057]",139,"{""type"":""MultiPoint"",""coordinates"":[]}"
140,"[0.20831692753621625, 0.17571616813067706, 0.1667214977181201, 0.15499797063445414, 0.15740212160663783, 0.14908308462180392, 0.1723580083718506]","[163.17518725654375, -77.61204069306538]",2022-11-18T00:00:00,"[0.36571450671926714, 0.3277125563237178, 0.2893715404010803, 0.16749006336616926, 0.035493535736990885, 0.03394208692918295, 0.3108626517095514]","[163.17537161413546, -77.5996182219057]",140,"{""type"":""MultiPoint"",""coordinates"":[]}"
141,"[0.20251660011464287, 0.17162017937116347, 0.1631274273848248, 0.15026886597087236, 0.15234606294285855, 0.14440575783234005, 0.16898995381258644]","[163.17518725654375, -77.61204069306538]",2022-11-19T00:00:00,"[0.3754686756308326, 0.34023783327711493, 0.2946517700112337, 0.16254941759353292, 0.027142414791901763, 0.02557258994177787, 0.32332492361567433]","[163.17537161413546, -77.5996182219057]",141,"{""type"":""MultiPoint"",""coordinates"":[]}"
142,"[0.19645048336010051, 0.1675817532197617, 0.16006721754862094, 0.1480410597542581, 0.15215465515652385, 0.1433431455797588, 0.16487765107169033]","[163.17518725654375, -77.61204069306538]",2022-11-21T00:00:00,"[0.3334658820599641, 0.2982855599181538, 0.25756939563543585, 0.13578032348026864, 0.021289677233884165, 0.019364802213382545, 0.28145368688694966]","[163.17537161413546, -77.5996182219057]",142,"{""type"":""MultiPoint"",""coordinates"":[]}"
143,"[0.26627547332053975, 0.23368280503586628, 0.22997618038067427, 0.21558364114076392, 0.1634779083902568, 0.1532031866161553, 0.23249514930256163]","[163.17518725654375, -77.61204069306538]",2022-11-23T00:00:00,"[0.388052236684697, 0.3497795748308731, 0.32363343856582916, 0.2178160649974172, 0.06578236654109869, 0.0627525626571567, 0.33710866364528413]","[163.17537161413546, -77.5996182219057]",143,"{""type"":""MultiPoint"",""coordinates"":[]}"
144,"[0.21718213112946336, 0.18239260634199123, 0.18039937315657784, 0.1716735201636984, 0.1615816921425117, 0.15208926515884683, 0.18130288306410255]","[163.17518725654375, -77.61204069306538]",2022-11-28T00:00:00,"[0.40419978316341987, 0.362509050523741, 0.34577801900130334, 0.22923078212747858, 0.022365495574886294, 0.020978159881470313, 0.35373690336968844]","[163.17537161413546, -77.5996182219057]",144,"{""type"":""MultiPoint"",""coordinates"":[]}"
145,"[0.20326359959716506, 0.1662969133469343, 0.1628657899731947, 0.1551297598304296, 0.15985509680853327, 0.15107246969095034, 0.16480974480182156]","[163.17518725654375, -77.61204069306538]",2022-12-04T00:00:00,"[0.44095488084618223, 0.4007431928124526, 0.399126129767418, 0.2793837305029762, 0.010323066804332775, 0.008926385914240253, 0.4009677193111023]","[163.17537161413546, -77.5996182219057]",145,"{""type"":""MultiPoint"",""coordinates"":[]}"
146,"[0.18930818666880708, 0.1517591989972566, 0.14549456299689897, 0.13547230169337326, 0.13473119038005146, 0.12739856682074194, 0.1505168103927012]","[163.17518725654375, -77.61204069306538]",2022-12-05T00:00:00,"[0.442361327220311, 0.40154771517760113, 0.401456343987513, 0.295679126780272, 0.010336101122409897, 0.008910703205370568, 0.39502486258767333]","[163.17537161413546, -77.5996182219057]",146,"{""type"":""MultiPoint"",""coordinates"":[]}"
147,"[0.28007596215295066, 0.24399383015729545, 0.24582754639600093, 0.23612710828307928, 0.17432018653236703, 0.16160465484602332, 0.24633714344813884]","[163.17518725654375, -77.61204069306538]",2022-12-11T00:00:00,"[0.4850770330281687, 0.4536961754180557, 0.4617098184902356, 0.37408030204463333, 0.05145208927096808, 0.048971972787992736, 0.4521205742816958]","[163.17537161413546, -77.5996182219057]",147,"{""type"":""MultiPoint"",""coordinates"":[]}"
148,"[0.20584120321042365, 0.17032111557642168, 0.1675733744620325, 0.16018952994173888, 0.16152078349846083, 0.15099269212167205, 0.17002347960734507]","[163.17518725654375, -77.61204069306538]",2022-12-16T00:00:00,"[0.4765412205478226, 0.44014981012514787, 0.4509011945743173, 0.3801666744036752, 0.016891852859162265, 0.014461845259137667, 0.44595259004175297]","[163.17537161413546, -77.5996182219057]",148,"{""type"":""MultiPoint"",""coordinates"":[]}"
149,"[0.20518392619285591, 0.16931648502723695, 0.165598124665844, 0.15787993256877847, 0.1612029794462719, 0.14959208766565602, 0.1681174998925921]","[163.17518725654375, -77.61204069306538]",2022-12-18T00:00:00,"[0.47472200660631136, 0.44258759031585077, 0.44872298742273303, 0.37544148172947867, 0.01608760642442387, 0.01430439940471831, 0.44425056276430314]","[163.17537161413546, -77.5996182219057]",149,"{""type"":""MultiPoint"",""coordinates"":[]}"
150,"[0.2543784478470266, 0.20645761773013407, 0.19766325229161613, 0.18306287183681277, 0.11590956165798945, 0.10954859273698826, 0.2072996824701575]","[163.17518725654375, -77.61204069306538]",2023-01-01T00:00:00,"[0.3717858749610751, 0.3203403014249475, 0.309418863232865, 0.2531364966730324, 0.06125153935542138, 0.05744694990277266, 0.31906170884416474]","[163.17537161413546, -77.5996182219057]",150,"{""type"":""MultiPoint"",""coordinates"":[]}"
151,"[0.20286842853562684, 0.1693349562447762, 0.164233627259582, 0.15498575088596062, 0.15872450432257756, 0.14891074164096132, 0.1675975652750392]","[163.17518725654375, -77.61204069306538]",2023-01-03T00:00:00,"[0.4645487166572186, 0.4326984881448645, 0.4313556402106195, 0.3365199956754746, 0.01446468263753017, 0.01309801888566004, 0.43049287678228754]","[163.17537161413546, -77.5996182219057]",151,"{""type"":""MultiPoint"",""coordinates"":[]}"
152,"[0.2038954309038079, 0.16942050003625614, 0.16515925065159734, 0.15603132944206075, 0.1590993593125045, 0.147778407156544, 0.16854707679990932]","[163.17518725654375, -77.61204069306538]",2023-01-10T00:00:00,"[0.45536403995165586, 0.421437107828467, 0.4208283352615073, 0.33013143876131923, 0.012140147725625959, 0.010267895354682506, 0.4260904186863759]","[163.17537161413546, -77.5996182219057]",152,"{""type"":""MultiPoint"",""coordinates"":[]}"
153,"[0.19968398498688888, 0.16679673067011253, 0.16322702267496061, 0.15572285626456822, 0.15813488849245763, 0.14859433155445098, 0.16533734996118984]","[163.17518725654375, -77.61204069306538]",2023-01-15T00:00:00,"[0.4707935799312675, 0.4378204753383432, 0.4413030110281968, 0.3541484555073117, 0.0173617802417746, 0.01591253465563904, 0.43801592749789325]","[163.17537161413546, -77.5996182219057]",153,"{""type"":""MultiPoint"",""coordinates"":[]}"
154,"[0.20870524406158938, 0.16921032308374984, 0.16348393561310576, 0.15341820865053046, 0.15384919013164525, 0.14376864621057514, 0.16854718203740726]","[163.17518725654375, -77.61204069306538]",2023-01-22T00:00:00,"[0.4344779780471448, 0.391710488794301, 0.3894571071480198, 0.30268375675111725, 0.02159229594363158, 0.019277035295268613, 0.39654696594983374]","[163.17537161413546, -77.5996182219057]",154,"{""type"":""MultiPoint"",""coordinates"":[]}"
155,"[0.20350566541161558, 0.16626557859388705, 0.16102055378214383, 0.1514633343229514, 0.1520982383729148, 0.14361162948024167, 0.16471857096900852]","[163.17518725654375, -77.61204069306538]",2023-01-24T00:00:00,"[0.41358192160027907, 0.37441862899019507, 0.3724040204701767, 0.28376101957012784, 0.019239677130495413, 0.017312627920359775, 0.3732372260796009]","[163.17537161413546, -77.5996182219057]",155,"{""type"":""MultiPoint"",""coordinates"":[]}"
156,"[0.2297191999725146, 0.19779215482633922, 0.1931362481320218, 0.181902380857869, 0.1523854652826537, 0.14565560308813055, 0.8865269980031921]","[163.17518725654375, -77.61204069306538]",2023-11-17T00:00:00,"[0.5077320024311748, 0.4677656891619658, 0.43496650049440133, 0.31822404796876136, 0.027661459300858077, 0.0267867111355473, 0.8962968022958162]","[163.17537161413546, -77.5996182219057]",156,"{""type"":""MultiPoint"",""coordinates"":[]}"
157,"[0.22373752618528686, 0.191089927847779, 0.18703272553271794, 0.1766084454878575, 0.15040711781194865, 0.14238217124365293, 0.8808508472377146]","[163.17518725654375, -77.61204069306538]",2023-11-19T00:00:00,"[0.4914448994408989, 0.4507240107088312, 0.4156124448322797, 0.29736979138419456, 0.026726265526433608, 0.025327083149619192, 0.8851105670302025]","[163.17537161413546, -77.5996182219057]",157,"{""type"":""MultiPoint"",""coordinates"":[]}"
158,"[0.2238809737592768, 0.19188588918533545, 0.18548754889192692, 0.17404104634662815, 0.1527157234714551, 0.14423089379839468, 1.0613000444926262]","[163.17518725654375, -77.61204069306538]",2023-11-21T00:00:00,"[0.47718157187385124, 0.43688615515871415, 0.40146129894325855, 0.28487307646332394, 0.024830353785899952, 0.02339166825463931, 1.0959220959941935]","[163.17537161413546, -77.5996182219057]",158,"{""type"":""MultiPoint"",""coordinates"":[]}"
159,"[0.20128784038044317, 0.172453332798476, 0.1659210732574997, 0.15507897294653067, 0.1583812590662007, 0.14872493498873535, 0.8911574674759021]","[163.17518725654375, -77.61204069306538]",2023-12-05T00:00:00,"[0.5295575104986571, 0.5100988840124155, 0.5004717266549131, 0.3555041351404376, 0.012221894631185316, 0.010696694582389135, 0.895193508988852]","[163.17537161413546, -77.5996182219057]",159,"{""type"":""MultiPoint"",""coordinates"":[]}"
160,"[0.2021310924919227, 0.17213668190545112, 0.16574139958675305, 0.15507530573477546, 0.1609939919174955, 0.1509495226865788, 0.8785634410564367]","[163.17518725654375, -77.61204069306538]",2023-12-07T00:00:00,"[0.546932444138492, 0.5285509599841017, 0.5269476323101652, 0.3925671705836564, 0.011418856357976027, 0.010166979493767993, 0.8788326570499781]","[163.17537161413546, -77.5996182219057]",160,"{""type"":""MultiPoint"",""coordinates"":[]}"
161,"[0.202212293404837, 0.16692907608169053, 0.16464912440210253, 0.15892411618547864, 0.16188719144920963, 0.15170964595026917, 0.9499330972291403]","[163.17518725654375, -77.61204069306538]",2023-12-19T00:00:00,"[0.5742960669657531, 0.5403111938221795, 0.5573210754585252, 0.46606566913667047, 0.01104814701729164, 0.00997059792355705, 0.9163893603080915]","[163.17537161413546, -77.5996182219057]",161,"{""type"":""MultiPoint"",""coordinates"":[]}"
162,"[0.2015973096879112, 0.16845650854815014, 0.1639123180990636, 0.15607853370901292, 0.16116308977762284, 0.1505520120469738, 0.926847723040329]","[163.17518725654375, -77.61204069306538]",2023-12-28T00:00:00,"[0.5856539698261141, 0.5572488667811746, 0.5718133380329131, 0.49055019020832874, 0.020228186627799214, 0.019933776438923863, 0.9229112823068606]","[163.17537161413546, -77.5996182219057]",162,"{""type"":""MultiPoint"",""coordinates"":[]}"
163,"[0.202445389713122, 0.167552073809022, 0.1636595788034995, 0.1561548024403873, 0.16075811792007036, 0.15001149409651746, 1.056375633845316]","[163.17518725654375, -77.61204069306538]",2023-12-30T00:00:00,"[0.5455932544418366, 0.514002814223481, 0.5241448001723523, 0.435179147345578, 0.013209415847871898, 0.012178877191315425, 1.105200868991169]","[163.17537161413546, -77.5996182219057]",163,"{""type"":""MultiPoint"",""coordinates"":[]}"
164,"[0.2060138527925109, 0.16872343722271477, 0.1646842400695284, 0.15721955722653874, 0.15693571595980968, 0.14718377563921214, 0.7264440622605818]","[163.17518725654375, -77.61204069306538]",2024-01-04T00:00:00,"[0.6112759949089619, 0.5780889671256868, 0.6062340781895041, 0.5683922245731047, 0.03767794612401217, 0.03872593305489034, 0.7153632280053532]","[163.17537161413546, -77.5996182219057]",164,"{""type"":""MultiPoint"",""coordinates"":[]}"
165,"[0.213872082691219, 0.1759412209800396, 0.17075145773089148, 0.16188705007616894, 0.16125110288696243, 0.14937698600587834, 0.8539449704811856]","[163.17518725654375, -77.61204069306538]",2024-01-13T00:00:00,"[0.5926151227189126, 0.5642752322576536, 0.5874074904042864, 0.539377858011185, 0.03971763073156695, 0.04043699885750553, 0.8422576674423735]","[163.17537161413546, -77.5996182219057]",165,"{""type"":""MultiPoint"",""coordinates"":[]}"
166,"[0.20954445142558237, 0.16924672255934242, 0.16214133077857054, 0.15315901755435876, 0.15378590072091583, 0.1429707241083146, 0.8558232963290804]","[163.17518725654375, -77.61204069306538]",2024-01-22T00:00:00,"[0.6251623529122088, 0.5919032993006402, 0.6244519682971458, 0.6126537572998476, 0.04194862492149459, 0.04377095916852557, 0.866861939220829]","[163.17537161413546, -77.5996182219057]",166,"{""type"":""MultiPoint"",""coordinates"":[]}"
167,"[0.2603628473623609, 0.19999495183333704, 0.1843801452466746, 0.16719500228701134, 0.07618522624135105, 0.0721499312620907, 0.7198540961388393]","[163.17518725654375, -77.61204069306538]",2024-01-24T00:00:00,"[0.44470731806621355, 0.36253674664486735, 0.3506673492496783, 0.32750180902879594, 0.06994030226955027, 0.06833228065735036, 0.7685202620221298]","[163.17537161413546, -77.5996182219057]",167,"{""type"":""MultiPoint"",""coordinates"":[]}"
168,"[0.32379016704942504, 0.2822736896161724, 0.27490130668643487, 0.25514939977941586, 0.13487445017703287, 0.12788113797359307, 0.5473587958664173]","[163.17518725654375, -77.61204069306538]",2024-11-03T00:00:00,"[0.46022659931607457, 0.40450546288802774, 0.376375980817678, 0.2950010354470887, 0.05583875189262799, 0.05384829544040869, 0.49804437244657673]","[163.17537161413546, -77.5996182219057]",168,"{""type"":""MultiPoint"",""coordinates"":[]}"
169,"[0.2608709531149957, 0.21465430421467313, 0.21640029635882888, 0.20889874508660222, 0.1400699052589999, 0.13335799128835227, 0.7446996847234768]","[163.17518725654375, -77.61204069306538]",2024-11-07T00:00:00,"[0.5560245923710532, 0.4934720684790013, 0.47617275101269807, 0.3751925968953093, 0.030882047845303514, 0.03025330213931684, 0.7224865336851787]","[163.17537161413546, -77.5996182219057]",169,"{""type"":""MultiPoint"",""coordinates"":[]}"
170,"[0.2643281452915692, 0.2282791517698609, 0.22417968391630244, 0.2121061729633267, 0.14346900459489584, 0.13627559759152688, 0.9157931117125083]","[163.17518725654375, -77.61204069306538]",2024-11-12T00:00:00,"[0.5665079402920362, 0.5205576246907988, 0.4879257644493752, 0.36898029848060343, 0.03269020211057025, 0.03158063455722971, 0.9088052651035033]","[163.17537161413546, -77.5996182219057]",170,"{""type"":""MultiPoint"",""coordinates"":[]}"
171,"[0.2588873638476068, 0.2202922444847805, 0.2189972473281102, 0.20912125876721088, 0.14424235787667772, 0.13710343571123873, 0.8476455739505202]","[163.17518725654375, -77.61204069306538]",2024-11-14T00:00:00,"[0.5514848278218141, 0.4991665380636217, 0.47043126005231095, 0.3564841026297679, 0.034494543052179354, 0.03318377731987233, 0.8512517180839717]","[163.17537161413546, -77.5996182219057]",171,"{""type"":""MultiPoint"",""coordinates"":[]}"
172,"[0.24978968953881472, 0.21959975016284014, 0.21482791966779263, 0.2017437585077709, 0.14748099019058838, 0.14067223019253328, 0.8574292715682975]","[163.17518725654375, -77.61204069306538]",2024-11-21T00:00:00,"[0.5691073211123271, 0.5284731604506715, 0.4943701441155423, 0.37042494191204284, 0.034872735235818686, 0.03464679022887619, 0.838055000877986]","[163.17537161413546, -77.5996182219057]",172,"{""type"":""MultiPoint"",""coordinates"":[]}"
173,"[0.21117592507460858, 0.17355869172378713, 0.17007175736169097, 0.16190617600232735, 0.15946647439557457, 0.14808526752500373, 0.868483384048423]","[163.17518725654375, -77.61204069306538]",2024-12-09T00:00:00,"[0.5505373212672771, 0.5110883507770618, 0.5138502329050323, 0.4023453967831889, 0.012684124196033184, 0.01095905983210834, 0.8653278436002583]","[163.17537161413546, -77.5996182219057]",173,"{""type"":""MultiPoint"",""coordinates"":[]}"
174,"[0.2046277849499479, 0.16774504237582058, 0.1645242436346404, 0.15768295182778885, 0.1605914029978386, 0.14913068231600174, 0.8553189222644759]","[163.17518725654375, -77.61204069306538]",2024-12-21T00:00:00,"[0.5796502147217988, 0.54464091393893, 0.5573520707678178, 0.4693779573211975, 0.010302578181186427, 0.009509746419437899, 0.8952994898729778]","[163.17537161413546, -77.5996182219057]",174,"{""type"":""MultiPoint"",""coordinates"":[]}"
